farmacia,cidade,nome,sku,preco_com_desconto,preco_sem_desconto,desconto,marca,ean,descricao
Drogaria Araujo,São Paulo,Azi 500mg com 3 Comprimidos,21879,24.91,,,Azi,7894916500579,Sem descrição disponível.
Drogaria Araujo,São Paulo,Bezafibrato 200mg Germed Genérico com 20 Comprimidos Revestidos,64724,34.88,,,Bezafibrato,7896004710518,Sem descrição disponível.
Drogaria Araujo,São Paulo,Faxxa 20mg com 14 Comprimidos Revestidos,9883,87.99,92.78,0.05162750592800179,Faxxa,7896004776439,Sem descrição disponível.
Drogaria Araujo,São Paulo,Vynaxa 15mg com 30 Comprimidos Revestidos,100207,47.72,,,Vynaxa,7896004789866,Sem descrição disponível.
Drogaria Araujo,São Paulo,Unoprost 1mg com 20 Comprimidos,6763,54.99,65.67,0.1626313385107355,Unoprost,7896637022750,Sem descrição disponível.
Drogaria Araujo,São Paulo,Pradaxa 75mg com 30 Cápsulas,56965,168.99,195.17,0.1341394681559665,Pradaxa,7896026303088,Sem descrição disponível.
Drogaria Araujo,São Paulo,Cetobeta Creme Dermatológico com 30g,100290,38.26,,,Cetobeta,7893454100630,Sem descrição disponível.
Drogaria Araujo,São Paulo,Sildenafila 50mg Neo Química Genérico com 4 Comprimidos,77775,5.99,30.64,0.8045039164490861,Sildenafila,7896714226705,Sem descrição disponível.
Drogaria Araujo,São Paulo,Tecta 40mg com 30 Comprimidos,67546,309.99,379.05,0.18219232291254453,Tecta,7896641808432,Sem descrição disponível.
Drogaria Araujo,São Paulo,Sinvastacor 40mg Sandoz com 30 Comprimidos,73478,21.99,36.08,0.39052106430155215,Sinvastacor,7897595604163,Sem descrição disponível.
Drogaria Araujo,São Paulo,Risperidona 1mg Medley Genérico com 30 Comprimidos,89336,28.99,60.18,0.518278497839814,Risperidona,7896422527446,Sem descrição disponível.
Drogaria Araujo,São Paulo,Olanzapina 10mg Germed Genérico com 30 Comprimidos Revestidos,31127,131.99,197.61,0.332068215171297,Olanzapina,7896004770321,Sem descrição disponível.
Drogaria Araujo,São Paulo,"Reidratante Catarinense Envelope com 8,5g",70620,2.19,,,Catarinense,7896023702204,Sem descrição disponível.
Drogaria Araujo,São Paulo,Dipirona Sódica 500mg Prati Genérico Envelope com 10 Comprimidos,82510,3.99,5.66,0.2950530035335689,Dipirona,0000020825102,Sem descrição disponível.
Drogaria Araujo,São Paulo,Dipirona Sódica 1g Neo Química Genérico com 10 Comprimidos,72248,12.99,21.43,0.3938404106392907,Dipirona,7896714207551,Sem descrição disponível.
Drogaria Araujo,São Paulo,Vabam 20mg com 15 Comprimidos Revestidos,11607,90.73,,,Vabam,7896094926646,Sem descrição disponível.
Drogaria Araujo,São Paulo,Sinvalip 10mg com 30 Comprimidos Revestidos,53811,22.99,25.63,0.10300429184549359,Sinvalip,7894916206853,Sem descrição disponível.
Drogaria Araujo,São Paulo,Kit 2 Rivaroxabana 15mg Eurofarma Genérico com 30 Comprimidos Revestidos,KIT_31001_2,169.58,441.3,0.6157262633129391,Rivaroxabana,,Sem descrição disponível.
Drogaria Araujo,São Paulo,Onbrize 300mcg Cápsulas para Inalação com 30 Unidades + 1 Inalador,66441,184.86,,,Onbrize,7896261016422,Sem descrição disponível.
Drogaria Araujo,São Paulo,Mesidox 4mg com 30 Comprimidos,57628,77.99,80.46,0.030698483718617935,Mesidox,7891721023576,Sem descrição disponível.
Drogaria Araujo,São Paulo,Rosuvastatina 10mg Althaia Genérico com 30 Comprimidos Revestidos,12175,19.99,51.4,0.6110894941634242,Rosuvastatina,7898569760458,Sem descrição disponível.
Drogaria Araujo,São Paulo,Tadalafila 20mg Neo Química Genérico com 4 Comprimidos,7008,7.99,33.95,0.7646539027982326,Tadalafila,7896714255903,Sem descrição disponível.
Drogaria Araujo,São Paulo,Nimesilam 50mg/ml Gotas com 15ml,66144,12.99,24.83,0.4768425291985501,Nimesilam,7896004738734,Sem descrição disponível.
Drogaria Araujo,São Paulo,Remis 10mg com 30 Comprimidos,83274,77.99,81.76,0.04611056751467722,Remis,7899640801695,Sem descrição disponível.
Drogaria Araujo,São Paulo,Glifage XR 500mg com 30 Comprimidos de Liberação Prolongada,11979,10.99,,,Glifage XR,7891721201806,"O que é Glifage XR:Glifage XR é um medicamento antidiabético de uso oral, que associado a uma dieta apropriada, é utilizado para o tratamento do diabetes tipo 2 em adultos, isoladamente ou em combinação com outros antidiabéticos orais, como por exemplo aqueles da classe das sulfonilureias.Este medicamento é apresentado em embalagens contendo 30 comprimidos de liberação prolongada.Para que serve Glifage XR:Esse medicamento serve para tratamento do diabetes em adultos.Glifage XR contém metformina, um medicamento usado para tratar a diabetes em adultos.A metformina pertence a um grupo de medicamentos denominados biguanidas.A insulina é um hormônio produzido pelo pâncreas que permite que os tecidos do corpo absorvam a glicose (açúcar) do sangue e a usem para produzir energia ou armazená-la para uso posterior. Se você tem diabetes, o seu pâncreas não produz insulina suficiente ou o seu corpo não é capaz de utilizar adequadamente a insulina que produz. Isto leva a um nível elevado de glicose no sangue.Glifage XR ajuda a baixar o nível de glicose no sangue para um nível tão normal quanto possível. Em estudos clínicos, o uso de metformina foi associado a estabilização do peso corporal ou a uma modesta perda de peso.Pode ser utilizado também para o tratamento do diabetes tipo 1 em complementação à insulinoterapia.Glifage XR é indicado na prevenção de diabetes mellitus tipo 2 em pacientes com sobrepeso com pré-diabetes e pelo menos um fator de risco adicional, tais como:Pressão arterial alta;Idade acima de 40 anos;Quantidade anormal de lipídios (gordura) no sangue;Histórico familiar de diabetes ou histórico de diabetes durante a gravidez.Nesses casos, a modificação intensiva no estilo de vida (dieta rigorosa e exercícios físicos regulares) isoladamente não proporcionou controle glicêmico adequado.Glifage XR também está indicado na Síndrome dos Ovários Policísticos, condição caracterizada por ciclos menstruais irregulares e frequentemente excesso de pelos e obesidade.Contra indicação do Glifage XR 500mg:Você não deve tomar Glifage XR:Se tiver hipersensibilidade (alergia) à metformina ou aos outros componentes da fórmula;Se estiver com problema de funcionamento do fígado;Se estiver com problema de funcionamento grave dos rins (depuração de creatinina abaixo de 30 mL/min ou taxa de filtração glomerular estimada (TFGe) abaixo de 30mL/min/1,73m2);Se tiver qualquer tipo de acidose metabólica (como acidose láctica, cetoacidose diabética, pré-coma diabético). A cetoacidose é uma condição na qual substâncias denominadas “corpos cetônicos” se acumulam no sangue. Os sintomas incluem dores de estômago, respiração rápida e profunda, sonolência ou hálito com odor de fruta;Se estiver desidratado (por exemplo, em função de uma diarreia grave e persistente, vômitos repetidos) ou se tiver com infecção grave (por exemplo, infecção das vias aéreas ou do trato urinário): tanto desidratação quanto infecções graves podem conduzir a problemas renais, com risco de acidose láctica (ver “Advertências e precauções”);Se estiver em tratamento para problemas cardíacos, tiver tido recentemente um ataque cardíaco, tiver problemas circulatórios graves ou dificuldades respiratórias. Isto pode provocar uma falta de oxigenação dos tecidos, com risco de acidose láctica (ver “Advertências e precauções”).Se ingerir bebidas alcoólicas em excesso;Se tiver que ser submetido à cirurgia eletiva de grande porte ou a exame utilizando meio de contraste contendo iodo (por exemplo, exames como raio-X ou tomografia). Você deve parar de tomar Glifage® XR durante um determinado tempo antes e depois do exame ou da cirurgia. O seu médico decidirá se necessita de outro tratamento durante este período.Posologia do Glifage XR: Como usarGlifage XR não substitui os benefícios de uma vida saudável.Continue a seguir a dieta que o seu médico lhe recomendou e procure fazer exercícios regularmente.Tome os comprimidos durante o jantar.Engula cada comprimido com um copo de água, sempre durante a refeição.Os componentes inertes dos comprimidos podem ocasionalmente aparecer intactos nas fezes como uma massa hidratada parecida com o comprimido original, não afetando a eficácia do produto.Pacientes diabéticos do tipo 2 (não-dependentes de insulina)Glifage XR pode ser usado isoladamente ou em combinação com outros medicamentos antidiabéticos, como as sulfonilureias.A dose inicial é de 1 comprimido uma vez ao dia no jantar. Conforme a necessidade, a dose pode ser aumentada, a cada duas semanas, de um comprimido, até chegar ao máximo de 4 comprimidos, equivalentes a 2.000 mg de metformina (sempre no jantar).Se você já faz uso de metformina, a dose inicial de Glifage XR deve ser equivalente à dose diária total de Glifage.Se o controle glicêmico não for alcançado com a dose máxima diária uma vez ao dia, a mesma dose pode ser considerada, mas dividida ao longo do dia de acordo com o seguinte esquema:Glifage XR 500 mg – 2 comprimidos durante o café da manhã e 2 comprimidos durante o jantar.Pacientes diabéticos do tipo 1 (dependentes de insulina)Glifage XR nunca substitui a insulina em casos de diabetes dependentes de insulina. A associação com Glifage XR pode, no entanto, permitir uma redução nas doses de insulina e obtenção de melhor estabilização dos níveis de glicose no sangue.Pré-diabetesA dose inicial recomendada é 500 mg uma vez ao dia no café da manhã. Esta dose pode ser gradualmente aumentada, a critério médico. Recomenda-se controle regular da glicemia (taxa de açúcar no sangue) e também dos fatores de risco.Síndrome dos Ovários PolicísticosA posologia é de, usualmente, 1.000 a 1.500 mg por dia (2 ou 3 comprimidos de Glifage XR 500 mg) em uma única tomada.Aconselha-se iniciar o tratamento com dose baixa (1 comprimido de 500 mg/dia) e aumentar gradualmente a dose (1 comprimido de 500 mg a cada semana) até atingir a posologia desejada.Uso em idososGlifage XR deve ser usado com cautela em pacientes idosos que, em geral, não devem receber a dose máxima do produto.Uso em crianças e adolescentesGlifage XR não é indicado para menores de 17 anos.Pacientes com insuficiência renalMetformina pode ser empregada em pacientes com insuficiência renal moderada estágio 3 (depuração de creatinina entre 30 e 59 mL/min ou Taxa de Filtração Glomerular estimada [TFGe] entre 30 e 59 mL/min/1,73 m2 ) somente na ausência de outras condições que possam aumentar o risco de acidose láctica e com os seguintes ajustes na posologia:A dose inicial recomendada é de 500 mg ou 750 mg de cloridrato de metformina XR ao dia. A dose máxima diária recomendada é de 1.000 mg.A função renal deve ser rigorosamente monitoradaA cada 3-6 meses em pacientes com depuração de creatinina entre 45 e 59 mL/min ou TFGe entre 45 e 59 mL/min/1,73m2E a cada 3 meses em pacientes com depuração de creatinina entre 30 e 44 mL/min ou TFGe entre 30 e 44 mL/min/1,73m2.Caso a depuração de creatinina ou a TFGe caiam para valores abaixo de 45 mL/min ou 45 mL/min/1,73m2 respectivamente, devem ser avaliados os benefícios e os riscos da continuidade do tratamento com metformina.Caso a depuração de creatinina ou a TFGe caiam para valores abaixo de 30 mL/min ou 30 mL/min/1,73m2 respectivamente, o tratamento com metformina deve ser interrompido imediatamente.Siga a orientação de seu médico, respeitando sempre os horários, as doses e a duração do tratamento. Não interrompa o tratamento sem o conhecimento do seu médico. Este medicamento não deve ser partido ou mastigado.Efeitos Colaterais Glifage XR:Como todos os medicamentos, Glifage XR pode causar algumas reações desagradáveis; no entanto, estas não ocorrem em todas as pessoas. Caso você tenha uma reação alérgica, deve parar de tomar o medicamento.Podem ocorrer as seguintes reações desagradáveis descritas a seguir:Reações muito comuns:Problemas digestivos como náusea;Vômito;Diarreia;Dor na barriga;Perda de apetite.Essas reações acontecem com mais frequência no início do tratamento.Distribuir as doses durante o dia ou tomar os comprimidos durante ou imediatamente depois de uma refeição pode ajudar. Se os sintomas continuarem, pare de tomar Glifage XR e consulte o seu médico.Reações comuns:Alterações do paladar e Deficiência de vitamina B12.Reações muito raras:Acidose láctica.Reações na pele como vermelhidão;Coceira e urticária;Alterações nos exames da função do fígado ou inflamação do fígado (hepatite, que pode provocar cansaço, perda de apetite, perda de peso, com ou sem amarelecimento da pele ou do branco dos olhos); neste caso, pare de tomar Glifage® XR.Crianças e adolescentesDados limitados em crianças e adolescentes demonstraram que as reações adversas foram similares, em natureza e gravidade, àquelas verificadas em adultos.Atenção: este produto é um medicamento que possui nova indicação terapêutica no país e, embora as pesquisas tenham indicado eficácia e segurança aceitáveis, mesmo que indicado e utilizado corretamente, podem ocorrer reações adversas imprevisíveis ou desconhecidas. Nesse caso, informe seu médico.Composição Glifage XR 500mg:Cada comprimido de liberação prolongada contém:cloridrato de metformina* - 500 mg (*equivalente a 390 mg de metformina base).Excipientes: estearato de magnésio, carmelose sódica e hipromelose.O que devo saber antes de usar este medicamento?Advertências e precauçõesO medicamento Glifage XR comprimidos pode provocar uma complicação muito rara, mas grave, chamada acidose láctica (com elevada mortalidade caso não se proceda a um tratamento imediato), particularmente se os rins não estiverem funcionando normalmente.O risco de acidose láctica é aumentado também com diabetes não controlada, cetose, jejum prolongado, ingestão excessiva de bebidas alcoólicas, infecção grave, insuficiência hepática (do fígado) e qualquer condição associada à hipóxia (quando uma área do corpo recebe menos oxigênio, tais como insuficiência cardíaca descompensada, infarto agudo do miocárdio) ou o uso concomitante de medicamentos que possam causar acidose láctica, como os NRTIs – Nucleosídeos Inibidores da Transcriptase Reversa (usados no tratamento da infecção pelo vírus HIV).A acidose láctica pode ocorrer devido à acumulação de metformina. Foram relatados casos de acidose láctica em pacientes tratados com metformina, principalmente diabéticos com insuficiência renal aguda ou agravamento agudo da função renal. Os pacientes ou cuidadores devem ser informados sobre o risco de acidose lácticaEm situações que a função renal (dos rins) possa tornar-se prejudicada de forma aguda, como, por exemplo, em casos de desidratação (redução da ingestão de líquidos, febre, diarreia ou vômitos graves ou prolongados) a metformina deve ser imediata e temporariamente interrompida. A reintrodução da metformina deve ser decidida pelo médico levando-se em conta a relação risco/benefício para cada paciente, bem como a condição da função renal.  Alguns medicamentos também podem comprometer a função renal de forma aguda, aumentando o risco de acidose láctica, por exemplo: anti-inflamatórios não esteroides (AINEs), incluindo inibidores seletivos da ciclooxigenase-2 (COX-2), medicamentos anti-hipertensivos como inibidores da ECA, antagonistas dos receptores de angiotensina II e diuréticos, especialmente os diuréticos de alça.  A utilização desses medicamentos em combinação com metformina deve ser feita com cautela e acompanhada de monitoramento rigoroso da função renal. A diminuição da função renal em pacientes idosos é frequente e assintomática.Os sintomas da acidose láctica são vômitos, dores de barriga (dor abdominal), cãibras musculares, sensação geral de mal-estar com grande cansaço (astenia), dificuldade em respirar (dispneia acidótica) e diminuição da temperatura do corpo (hipotermia).  Caso esses sintomas ocorram, você pode necessitar de tratamento imediato, uma vez que a acidose láctica pode levar ao coma. Pare de tomar metformina imediatamente e informe o seu médico.A taxa de filtração glomerular (TFG) deve ser monitorada antes de iniciar o tratamento e também regularmente durante o tratamento.Glifage XR isoladamente não provoca hipoglicemia (nível muito baixo de glicose no sangue). Entretanto, se tomar Glifage XR juntamente com outros medicamentos para o tratamento da diabetes que possam causar hipoglicemia (tais como sulfonilureias, insulina, metiglinidas), existe risco de desenvolvimento de hipoglicemia.  Se sentir sintomas tais como fraqueza, tonturas, sudorese, batimentos cardíacos acelerados, perturbações da visão ou dificuldades de concentração, é habitualmente útil comer ou beber algo contendo açúcar.O uso do Glifage XR não elimina a necessidade de regime com redução de açúcares em todos os casos de diabetes, assim como de regime com redução de açúcares e calorias quando houver, associadamente, excesso de peso. Realize regularmente os controles biológicos habituais do diabetes.Metformina deve ser descontinuada antes ou no momento do procedimento com administração de contraste à base de iodo, e só deve ser reiniciada após pelo menos 48 horas do exame, desde que a função renal tenha sido reavaliada e verificada como estável.Em pacientes com insuficiência cardíaca crônica estável, a metformina deve ser utilizada com monitoramento regular das funções cardíaca e renal. Para pacientes com insuficiência cardíaca instável ou aguda, a metformina é contraindicada.Metformina deve ser descontinuada 48h antes de cirurgias sob anestesia geral, raquidiana ou peridural. A terapia só pode ser reiniciada após 48 horas da cirurgia ou reinício da alimentação e desde que a função renal tenha sido reavaliada e considerada estável.Recomenda-se exames anuais dos níveis sanguíneos de vitamina B12. O risco de níveis baixos de vitamina B12 se eleva com o aumento da dose de metformina, duração do tratamento e/ou em pacientes com fatores de risco conhecidos por causar deficiência de vitamina B12.Gravidez e amamentaçãoDurante a gravidez, o pré-diabetes e o diabetes devem ser tratados com insulina. Informe o médico em caso de gravidez, suspeita de gravidez ou ainda se planeja ficar grávida, para que ele possa alterar o seu tratamento. Glifage® XR não é recomendado durante a amamentação.Este medicamento não deve ser utilizado por mulheres grávidas sem orientação médica ou do cirurgião-dentista.Direção de veículos e operação de máquinasComo Glifage XR isoladamente não provoca hipoglicemia, seu uso não afeta a capacidade de dirigir veículos ou operar máquinas.Entretanto, tome cuidado ao tomar Glifage XR juntamente com outros medicamentos para o tratamento da diabetes que possam causar hipoglicemia (tais como sulfonilureias, insulina, metiglinidas). Não dirija nem opere máquinas se começar a sentir os sintomas da hipoglicemia.Interações com alimentos, bebidas e outros medicamentosSe tiver que ser submetido a exame radiológico utilizando meio de contraste contendo iodo, você deve parar de tomar Glifage XR durante um determinado tempo antes e depois do exame.Informe o seu médico se estiver tomando ao mesmo tempo Glifage XR e qualquer um dos seguintes medicamentos, pois você pode necessitar fazer exames de glicose no sangue com maior frequência ou o seu médico ter que ajustar a dose de Glifage XR:Diuréticos (utilizados para a remoção de água do corpo, produzindo mais urina);Agonistas beta-2 tais como salbutamol ou terbutalina (utilizados no tratamento da asma);Corticosteroides ou tetracosactida (utilizados no tratamento de diversas doenças, tais como;Inflamação cutânea grave ou asma);Clorpromazina (medicamento neuroléptico que atua no funcionamento do cérebro);Danazol (usado no tratamento da endometriose, condição na qual o tecido que reveste internamente o útero é encontrado fora do útero).Transportadores de cátions orgânicos, que incluem diferentes tipos de medicamentos (verapamil, rifampicina cimetidina, dolutegravir, crizotinibe, olaparibe, daclatasvir, vandetanibe, etc).A ingestão com alimentos não prejudica a absorção do medicamento. Não consuma bebidas alcoólicas quando tomar Glifage XR.O álcool pode aumentar o risco de acidose láctica, especialmente se tiver problemas de fígado ou se estiver subnutrido, com esta recomendação também se aplicando a medicamentos contendo álcool em sua fórmula.Informe ao seu médico ou cirurgião-dentista se você está fazendo uso de algum outro medicamento. Não use medicamentos sem o conhecimento do seu médico. Pode ser perigoso para a sua saúde."
Drogaria Araujo,São Paulo,Rosulib 20mg com 30 Comprimidos,68911,182.99,226.69,0.19277427323657853,Rosulib,7897595632319,Sem descrição disponível.
Drogaria Araujo,São Paulo,Aradois 50mg com 30 Comprimidos,1757,7.99,56.17,0.8577532490653373,Aradois,7896112486787,Sem descrição disponível.
Drogaria Araujo,São Paulo,Sinvalip 40mg com 30 Comprimidos Revestidos,36603,90.99,114.04,0.2021220624342337,Sinvalip,7894916206877,Sem descrição disponível.
Drogaria Araujo,São Paulo,Clazi XR 60mg com 30 Comprimidos de Liberação Prolongada,9997,74.99,79.19,0.05303699962116432,Clazi,7896004775463,Sem descrição disponível.
Drogaria Araujo,São Paulo,Ozempic 1mg Solução Injetável com 1 Sistema de Aplicação + 4 Agulhas Descartáveis,5157,1237.13,,,OZEMPIC,7897705202586,"O que é Ozempic?O Ozempic é um medicamento usado para tratar pacientes adultos com diabetes tipo 2 não satisfatoriamente controlada (nível de açúcar no sangue permanece muito alto).A composição deste medicamento é apresentada em solução injetável de semaglutida 1,34 mg/mL em sistema de aplicação preenchido (multidose e descartável). Cada sistema de aplicação contém 3 mL e libera doses de 1 mg.A embalagem contém 1 sistema de aplicação preenchido e 4 agulhas descartáveis.Para que serve Ozempic 1 mg?O Ozempic 1 mg serve para reduzir o açúcar no sangue (glicose sanguínea) em adultos com diabetes tipo 2 através de um mecanismo que estimula a secreção de insulina e diminui a secreção de glucagon, somente quando a glicose sanguínea estiver elevada.Contra indicação do Ozempic:Não use Ozempic se você for alérgico à semaglutida ou a qualquer outro componente deste medicamento.Posologia da Injeção Ozempic: Como usar e aplicar?Sempre utilize Ozempic exatamente como seu médico orientou. Em caso de dúvidas, converse com seu médico, farmacêutico ou enfermeiro.Quanto utilizar:Quando começar a utilizar Ozempic, a dose inicial é 0,25 mg, uma vez por semana, por quatro semanas.Após quatro semanas, seu médico vai aumentar sua dose para 0,5 mg, uma vez por semana.Seu médico pode aumentar sua dose para 1 mg, uma vez por semana, se sua glicemia (nível de açúcar no sangue) não estiver bem controlada com a dose de 0,5 mg, uma vez por semana.Não altere sua dose, a menos que o médico tenha orientado.Como Ozempic é administrado:Ozempic é administrado como injeção sob a pele (injeção subcutânea). Não deve ser injetado na veia ou no músculo.Os melhores locais para aplicar a injeção são a parte anterior das coxas, a parte anterior da cintura (abdome) e a parte superior do braço.Antes de utilizar o sistema de aplicação pela primeira vez, seu médico ou enfermeiro mostrará como usá-lo.Instruções detalhadas do sistema de aplicação estão no verso da bula.Quando utilizar Ozempic:Você deve utilizar Ozempic uma vez por semana, no mesmo dia da semana, se possível.Você pode aplicar a injeção a qualquer hora do dia – independentemente das refeições.Para ajudá-lo a lembrar de injetar Ozempic somente uma vez por semana, recomenda-se anotar o dia da semana escolhido (por exemplo, quarta-feira) na caixa. Você também pode escrever a data na caixa sempre que injetar Ozempic.Se necessário, você pode alterar o dia da sua injeção semanal de Ozempic contanto que tenha se passado pelo menos 3 dias desde sua última injeção de Ozempic. Após selecionar um novo dia para sua injeção, continue com a injeção uma vez por semana.Se você parar de utilizar OzempicNão pare de utilizar Ozempic sem conversar com seu médico. Se você parar de usá-lo, sua glicemia (nível de açúcar no sangue) pode aumentar.Em caso de dúvidas sobre o uso deste medicamento, converse com seu médico, farmacêutico ou enfermeiro.Populações EspeciaisPacientes idosos: Nenhum ajuste de dose é necessário com base na idade. A experiência terapêutica em pacientes com mais de 75 anos é limitada.Pacientes com comprometimento hepático: Nenhum ajuste é necessário para pacientes com comprometimento hepático. A experiência com o uso de Ozempic em pacientes com insuficiência hepática grave é limitada.Pacientes com comprometimento renal: Nenhum ajuste é necessário para pacientes com comprometimento renal leve, moderado ou grave. A experiência com o uso de Ozempic em pacientes com doença renal grave é limitada. O Ozempic não é recomendado em pacientes com doença renal em estado terminal.População pediátrica: A segurança e a eficácia de Ozempic em crianças e adolescentes com menos de 18 anos de idade não foram estudadas. Não há dados disponíveis.Siga a orientação de seu médico, respeitando sempre os horários, as doses e a duração do tratamento. Não interrompa o tratamento sem o conhecimento do seu médico.Efeitos Colaterais do Ozempic 1mg:Como ocorre com todos os medicamentos, Ozempic pode causar efeitos colaterais, embora nem todos os apresentem.Reação muito comum (pode ocorrer em mais de 1 em 10 pessoas):Sensação de enjoo (náusea) – isso geralmente desaparece ao longo do tempo.Diarreia – isso geralmente desaparece ao longo do tempo.Reação comum (pode afetar até 1 em 10 pessoas):Vômito;Baixa glicemia (hipoglicemia) quando Ozempic é utilizado com outro medicamento antidiabético. Os sinais de alerta de hipoglicemia podem surgir repentinamente e podem incluir: suor frio, pele fria e pálida, dor de cabeça, batimentos cardíacos rápidos, sensação de enjoo (náusea) ou muita fome, alterações na visão, sensação de sono ou fraqueza, nervosismo, ansiedade ou confusão, dificuldade de concentração ou tremor.  Seu médico o informará como tratar sua hipoglicemia e o que fazer se perceber esses sinais de alerta. A baixa taxa de açúcar no sangue é mais provável de acontecer se você também tomar uma sulfoniluréia ou insulina. Seu médico pode reduzir a sua dose destes medicamentos antes de começar a utilizar este medicamento;Indigestão;Inflamação do estômago (“gastrite”) – os sinais incluem dor de estômago, sensação de enjoo (náusea) ou vômito;Refluxo ou azia – também chamado de “doença do refluxo gastroesofágico” (DRGE);Dor no estômago;Inchaço no estômago;Constipação (prisão de ventre);Arrotos;Cálculo biliar;Sensação de tontura;Sensação de cansaço;Perda de peso;Perda de apetite;Gases (flatulência);Aumento de enzimas pancreáticas (como lipase e amilase).Reação incomum (pode afetar até 1 em 100 pessoas):Alteração no gosto de alimentos ou bebidas;Pulso rápido;Reações no local da injeção – como hematoma, dor, irritação, coceira e erupção cutânea;Reações alérgicas como erupção cutânea, coceira ou urticária.Efeitos colaterais gravesReação comum (pode afetar até 1 em 10 pessoas):Complicações da doença do olho diabético (retinopatia) – você deve informar o seu médico se tiver problemas oculares, como alterações na visão, durante o tratamento com este medicamento.Reação incomum (pode afetar até 1 em 100 pessoas):Pâncreas inflamado (pancreatite aguda) que pode causar dor intensa no estômago e nas costas, que não vai embora. Você deve procurar um médico imediatamente se sentir esses sintomas.Reação rara (pode afetar até 1 em 1.000 pessoas):Reações alérgicas graves (reações anafiláticas, angioedema) - você deve procurar ajuda médica imediatamente e informar seu médico o quanto antes se apresentar sintomas como problemas respiratórios, inchaço do rosto, lábios, língua e/ou garganta com dificuldade para engolir, e batimentos cardíacos rápidos.Se apresentar qualquer efeito colateral, converse com seu médico, farmacêutico ou enfermeiro. Isso inclui todos os possíveis efeitos colaterais não listados nesta bula.Atenção: este produto é um medicamento novo e, embora as pesquisas tenham indicado eficácia e segurança aceitáveis, mesmo que indicado e utilizado corretamente, podem ocorrer eventos adversos imprevisíveis ou desconhecidos. Nesse caso, informe seu médico ou cirurgião-dentista.Composição do Ozempic 1 mg:Cada mL de solução injetável contémSemaglutida - 1,34Excipientes: Fosfato de sódio dibásico di-hidratado, propilenoglicol, fenol, ácido clorídrico (ajuste de pH), hidróxido de sódio (ajuste de pH) e água para injetáveis.A semaglutida é um agonista do receptor de GLP-1 (peptídeo símile ao glucagon 1 humano) produzido em células Saccharomyces cerevisiae por tecnologia de DNA recombinante.Um sistema de aplicação preenchido contém 4 mg de semaglutida em 3 mL.O que devo saber antes de usar Ozempic?Este medicamento foi prescrito somente para você. Não compartilhe com terceiros. Isso pode prejudicá-los, mesmo que os sintomas sejam os mesmos que os seus.Se apresentar qualquer efeito colateral, converse com seu médico, farmacêutico ou enfermeiro. Isso inclui qualquer possível efeito colateral não mencionado.Advertências e precauções:Converse com seu médico, farmacêutico ou enfermeiro antes de utilizar Ozempic.Ozempic não é uma insulina e não deve ser utilizado se: você tem diabetes tipo 1 – uma condição na qual seu organismo não produz insulina; você tem cetoacidose diabética – uma complicação do diabetes com glicemia (nível de açúcar no sangue) alta, dificuldade para respirar, confusão, sede em excesso, hálito com odor adocicado, ou um gosto metálico na boca.Ozempic não é uma insulina e, portanto, não deve ser usado como um substituto de insulina. Se você ou alguém da sua família já teve um tipo de câncer de tireoide chamado carcinoma medular de tireoide (CMT), ou se você tem uma condição do sistema endócrino chamada síndrome de neoplasia endócrina múltipla tipo 2 (NEM 2), consulte seu médico.Dor abdominal grave e contínua que pode ser em razão da pancreatite aguda: Se você sente dor grave ou contínua no abdome, procure um médico imediatamente, visto que isso pode ser um sinal de pancreatite aguda (inflamação do pâncreas).Efeitos no sistema digestivo: Durante o tratamento com Ozempic, você pode apresentar enjoo (náusea) ou vômito e diarreia. Esses efeitos colaterais podem causar desidratação (perda de líquidos), portanto, é importante que você beba muito líquido para evitá-la. Isso é especialmente importante se você tem problema nos rins. Em caso de dúvidas ou preocupações, converse com seu médico.Hipoglicemia: A combinação de uma sulfonilureia ou insulina com este medicamento pode aumentar o risco de apresentar níveis baixos de açúcar no sangue (hipoglicemia). O seu médico pode pedir-lhe para testar os seus níveis de açúcar no sangue. Isto ajudará o seu médico a decidir se a dose da sulfoniluréia ou insulina precisa ser alterada para reduzir o risco de queda de açúcar no sangue.Doença do olho diabético (retinopatia): Se você tem doença do olho diabético e está usando insulina, Ozempic pode levar a um agravamento da sua visão, e isto pode exigir tratamento. Você deve informar seu médico em caso de doença do olho diabético (retinopatia) ou se você apresentar problemas oculares durante o tratamento com Ozempic.Crianças e adolescentes:Ozempic não é recomendado em crianças e adolescentes com menos de 18 anos de idade, visto que a segurança e a eficácia nesta faixa etária ainda não foram estabelecidas.Outros medicamentos e Ozempic:Informe seu médico, farmacêutico ou enfermeiro se estiver tomando, se tomou recentemente ou poderá tomar qualquer outro medicamento, incluindo medicamentos fitoterápicos ou outros medicamentos que você comprou sem uma prescrição médica.Em especial, informe seu médico, farmacêutico ou enfermeiro se estiver utilizando medicamentos contendo:Varfarina ou outros medicamentos similares ingeridos por via oral para reduzir a coagulação do sangue (anticoagulantes orais). Exames de sangue frequentes para determinar a capacidade do seu sangue coagular podem ser requeridos.Se você está usando insulina, seu médico irá lhe dizer como reduzir a dose da insulina e recomendará que você monitore o nível de açúcar no sangue com mais frequência, para evitar hiperglicemia (nível alto de açúcar no sangue) e cetoacidose diabética (uma complicação do diabetes que ocorre quando o corpo é incapaz de utilizar o açúcar como fonte de energia porque não há insulina suficiente).Informe ao seu médico ou cirurgião-dentista se você está fazendo uso de algum outro medicamento. Não use medicamento sem o conhecimento do seu médico. Pode ser perigoso para a sua saúde.Gravidez e Amamentação:Antes de utilizar Ozempic, informe seu médico se estiver grávida ou amamentando, se acha que está grávida ou se planeja engravidar.Ozempic não deve ser utilizado durante a gravidez, porque não se sabe se o medicamento pode afetar o feto. Portanto, é recomendado utilizar contraceptivos durante o tratamento com Ozempic.Se você quiser engravidar, você deve parar de utilizar este medicamento pelo menos dois meses antes de uma gravidez planejada. Se você engravidar enquanto estiver utilizando Ozempic , converse com seu médico imediatamente, pois seu tratamento precisará ser alterado.Não utilize este medicamento se estiver amamentando, pois não se sabe se Ozempic é excretado no leite.Este medicamento não deve ser utilizado por mulheres grávidas sem orientação médica ou do cirurgião-dentista.Dirigir e operar máquinas:Se você usar este medicamento em associação com uma sulfonilureia ou insulina, pode ocorrer queda nos níveis de açúcar no sangue (hipoglicemia), que pode afetar sua capacidade de concentração.Evite dirigir ou utilizar máquinas se você apresentar sinais de baixa glicemia. Converse com seu médico para mais informações.Conteúdo de sódio:Este medicamento contém menos que 1 mmol de sódio (23 mg) por dose e, por isso, é essencialmente “livre de sódio”.Onde, como e por quanto tempo posso guardar o Ozempic?Antes de abrir (antes de iniciar o uso):Armazene em refrigerador (2 °C a 8 °C).Mantenha longe dos compartimentos próximos ao congelador.Não congele.Proteger da luz.Durante o uso:Você pode manter o sistema de aplicação por 6 semanas:Em temperatura abaixo de 30 °C ou em refrigerador (2 °C a 8 °C).Mantenha longe dos compartimentos próximos ao congelador.Não congele e não utilize se tiver sido congelado.Quando não estiver utilizando o sistema de aplicação, mantenha-o tampado para protegê-lo da luz.Após aberto, válido por 6 semanas. Após este período, Ozempic deve ser descartado mesmo que ainda tenha produto na embalagem.Não use medicamento com o prazo de validade vencido. Guarde-o em sua embalagem original. Número de lote e datas de fabricação e validade: vide embalagem.Não utilize este medicamento após a data de validade, que é indicada no rótulo e no cartucho do sistema de aplicação. A data de validade se refere ao último dia do mês indicado.Ozempic é uma solução injetável límpida, incolor e isotônica (pH=7,4). Não utilize este medicamento se a solução não estiver límpida e incolor.Antes de usar, observe o aspecto do medicamento. Caso ele esteja no prazo de validade e você observe alguma mudança no aspecto, consulte o farmacêutico para saber se poderá utilizá-lo.Transporte:O transporte do medicamento deverá ser realizado através de uma embalagem que proporcione proteção térmica e evite alteração brusca de temperatura, incidência de luz direta e vibração excessiva.No caso de viagens aéreas, não despachar o produto dentro das malas. O compartimento de bagagem dos aviões atinge temperaturas muito baixas, podendo congelar o medicamento.Descarte:O descarte de agulhas deve ser realizado através de embalagens coletoras resistentes, como latas e plásticos, para eliminar o risco de acidentes e contaminação.Os medicamentos usados, vencidos ou fora de uso, assim como seu sistema de aplicação e as embalagens coletoras contendo agulhas, devem ser descartados em Postos de Coleta localizados em Farmácias, Drogarias, Postos de Saúde ou Hospitais, que possuem coletores apropriados.O cartucho e a bula, que não possuem contato direto com o medicamento, podem ser descartados no lixo reciclável.Não tente repor o conteúdo do sistema de aplicação ou reutilizá-lo. Uma vez vazio, ele deve ser descartado. Em caso de dúvidas consulte um farmacêutico, enfermeiro, médico ou vigilância sanitária.TODO MEDICAMENTO DEVE SER MANTIDO FORA DO ALCANCE DAS CRIANÇAS.O que devo fazer quando eu me esquecer de usar o Ozempic 1 mg?Se você esqueceu de injetar uma dose e:Não se passaram mais de 5 dias que você deveria ter utilizado Ozempic, use assim que se lembrar. Injete a próxima dose no dia planejado.Se passaram mais de 5 dias que você deveria ter utilizado Ozempic , pule a dose esquecida. Injete a próxima dose no dia planejado. Não tome uma dose extra ou aumente a dose para compensar uma dose esquecida.Em caso de dúvidas, procure a orientação do farmacêutico ou de seu médico, ou cirurgião dentista.O que fazer se alguém usar uma quantidade maior do que a indicada do Ozempic 1 mg?Se você utilizar mais Ozempic do que deveria, converse com seu médico imediatamente. Você pode apresentar efeitos colaterais, como sensação de enjoo (náusea).Em caso de uso de grande quantidade deste medicamento, procure rapidamente socorro médico e leve a embalagem ou bula do medicamento, se possível. Ligue para 0800 722 6001, se você precisar de mais orientações."
Drogaria Araujo,São Paulo,Vabam 10mg com 30 Comprimidos Revestidos,11601,194.47,,,Vabam,7896094926592,Sem descrição disponível.
Drogaria Araujo,São Paulo,Paracetamol 750mg Neo Química Genérico com 20 Comprimidos,72256,9.99,21.67,0.5389940009229349,Paracetamol,7896714214498,Sem descrição disponível.
Drogaria Araujo,São Paulo,Aristab 15mg com 60 Comprimidos,100152,512.19,,,Aristab,7896658039294,Sem descrição disponível.
Drogaria Araujo,São Paulo,Lorasliv 10mg com 12 Comprimidos,94936,3.49,15.39,0.7732293697205977,LORASLIV,7898049790180,Sem descrição disponível.
Drogaria Araujo,São Paulo,Bioginkgo 80mg com 45 Comprimidos,59329,52.89,,,Bionatus,7896108001185,Sem descrição disponível.
Drogaria Araujo,São Paulo,Flavenos 500mg com 60 Comprimidos Revestidos,74254,142.99,155.35,0.07956227872545855,Flavenos,7896112419648,Sem descrição disponível.
Drogaria Araujo,São Paulo,Neiotaipim 200mg com 30 Comprimidos,67736,268.09,326.16,0.1780414520480747,Neotiapim,7897595635877,Sem descrição disponível.
Drogaria Araujo,São Paulo,Rivacrist 15mg com 14 Comprimidos Revestidos,16149,61.99,72.26,0.1421256573484639,Rivacrist,7891158106194,Sem descrição disponível.
Drogaria Araujo,São Paulo,Brimonidina 2mg/ml EMS Genérico Solução Oftálmica com 5ml,66345,38.99,68.24,0.42863423212192253,Brimonidina,7896004726854,Sem descrição disponível.
Drogaria Araujo,São Paulo,Ivermectina 6mg Vitamedic Genérico com 4 Comprimidos,3205,12.99,32.9,0.6051671732522795,Ivermectina,7898049793310,"O que é Ivermectina:A ivermectina é um medicamento que atua contra várias espécies de parasitas e vermes.A composição deste medicamento é apresentada em comprimidos de 6mg em embalagens contendo 4 comprimidos.Para que serve Ivermectina Comprimido:A ivermectina serve para o tratamento de várias condições causadas por vermes ou parasitas. Estudos demonstram que a ivermectina funciona no tratamento das seguintes infecções:Estrongiloidíase intestinal: causada por um parasita denominado Strongyloides stercoralis.Oncocercose: causada por um parasita denominado Onchocerca volvulus.Filariose (elefantíase): causada pelo parasita Wuchereria bancrofti.Ascaridíase (lombriga): causada pelo parasita Ascaris lumbricoides.Escabiose (sarna): causada pelo parasita Sarcoptes scabiei.Pediculose (piolho): causada pelo parasita Pediculus humanus capitis.Contra indicação da Ivermectina 6mg:Este medicamento é contraindicado para uso por pacientes alérgicos à ivermectina ou a algum dos componentes da fórmula, por pacientes com meningite ou outras afecções do Sistema Nervoso Central.O uso deste medicamento juntamente com medicamentos que agem no Sistema Nervoso Central tais como os barbituratos, benzodiazepínicos, ácido valpróico e oxibato de sódio não é recomendado.Este medicamento é contraindicado para uso por crianças com menos de 15 kg ou menores de 5 anos.Posologia da Ivermectina: Como usarOs comprimidos de ivermectina devem ser ingeridos com água.Em geral, uma dose única do medicamento é suficiente para a eliminação de parasitas.A necessidade, ou não, de repetir o tratamento dependerá de avaliação médica e/ou realização de testes laboratoriais.A dosagem recomendada de ivermectina para o tratamento das condições estrongiloidíase, filariose, ascaridíase, escabiose e pediculose causadas por parasitas numa única dose oral visa fornecer aproximadamente 200 mcg de ivermectina por kg de peso corporal.Em geral, não são necessárias outras doses. Contudo, devem ser feitos exames de fezes para acompanhamento (estrongiloidíase) e avaliações clínicas (demais afecções), para verificar a eliminação dos vermes ou parasitas.Orientação de dosagem de ivermectina para estrongiloidíase, filariose, ascaridíase, escabiose e pediculose:Peso Corporal e dosagem:15kg a 24kg - meio comprimido25kg a 35kg - 1 comprimido36kg a 50kg - 1 comprimido e meio51kg a 65kg - 2 comprimidos66kg a 79kg - 2 comprimidos e meio80kg ou Mais - 200mcg/kgEstrongiloidíase:Você deve se submeter a repetidos exames de fezes para documentar a ausência de infecção por Strongyloides stercoralis.Ascaridíase (lombriga):Você deve se submeter a exames de fezes para acompanhamento e comprovação da cura.Filariose (elefantíase):Você deve continuar com acompanhamento médico, pois a ivermectina não elimina as formas adultas da Wuchereria bancrofti.Escabiose (sarna):Você deve retornar ao médico após 1 ou 2 semanas para se certificar da cura.Pediculose (piolho):As lêndeas que estiverem mais aderidas deverão ser removidas manualmente, ou utilizando-se um pente fino. Isto deve ser repetido até que se tenha certeza que não haja mais lêndeas no paciente.Oncocercose:A dosagem recomendada de ivermectina para o tratamento da oncocercose é uma dose oral única que visa fornecer aproximadamente 150 mcg de ivermectina por quilo de peso corporal. Consulte a Tabela 2 para orientar-se em relação à dosagem.Em campanhas de distribuição em massa, inseridas em programas de tratamento internacional, o intervalo entre doses usado de forma mais comum foi de doze meses. No tratamento individual de pacientes, pode-se reconsiderar uma nova dosagem em intervalos de três meses. Orientação de dosagem de ivermectina para a oncocercose:Peso Corporal e dosagem:15kg a 25kg - meio comprimido26kg a 44kg - 1 comprimido45kg a 64kg - 1 comprimido e meio65kg a 84kg - 2 comprimido85 kg ou Mais - 150mcg/kgO tratamento com ivermectina não elimina os parasitas Onchocerca adultos e, portanto, normalmente é necessário o acompanhamento e novo tratamento.Siga a orientação de seu médico, respeitando sempre os horários, as doses e a duração do tratamento. Não interrompa o tratamento sem o conhecimento do seu médico.Efeitos Colaterais da Ivermectina:As possíveis reações adversas são leves e transitórias:Diarreia;Náusea;Dor abdominal,Falta de apetite;Falta de disposição;Constipação e vômitos.Também podem ocorrer:Tontura;Sonolência;Vertigem;Tremor;Coceira;Lesão de pele e urticária;Inchaço no rosto e membros;Diminuição da pressão do sangue ao levantar-se e batimentos acelerados do coração.Estas reações são de frequência desconhecida.Oncocercose:As reações alérgicas após o tratamento com ivermectina provocam reação do tipo Mazzotti caracterizada por:Dor nas articulações,Dor abdominal,Aumento no tamanho e na sensibilidade dos gânglios,Principalmente os gânglios da região inguinal (da virilha), do pescoço e das axilas, além de coceira, inchaço, lesões na pele até urticária e febre.Reações oculares durante o tratamento da oncocercose são raras e podem estar ligadas à doença. Raramente podem tornar-se graves ou associadas com perda de visão, mas de forma geral, são resolvidas sem a necessidade de tratamento com corticosteróides.Efeitos Colaterais no GeraisAs seguintes reações adversas foram relatadas com o uso da droga:Dor de cabeça e nos músculos relacionada ao medicamento ocorreu em menos de 1% dos pacientes.Dados de um estudo multicêntrico, realizado dentro do Programa de Controle da Oncocercose, o qual tratou 50.929 pacientes, com dose única de ivermectina, acompanhados por 72 horas pós tratamento; mostrou 2,4% de reações adversas moderadas e 0,24 % de reações graves (93 casos).As reações graves mais frequentes foram diminuição da pressão relacionada à posição do corpo sintomática e falta de ar intensa. Não houve nenhum caso de morte pós tratamento.Dentro das reações adversas mais comuns, relatou-se: dor de cabeça, dor muscular, falta de ar, dores pelo corpo, febre, reações na pele, enjoo, falta de apetite, vômitos, inchaço no rosto e membros.Podemos dizer que as reações adversas graves foram classificadas nesta população como incomuns (? 1/1000 e = 1/100 casos).Experiência Pós-comercializaçãoAs seguintes reações adversas foram relatadas:OncocercoseSangramento na conjuntiva (membrana que recobre a parte branca – esclera – do olho).Todas as indicaçõesDiminuição ou queda na pressão do sangue (principalmente relacionada à posição do corpo), crise de falta de ar, síndrome de Stevens-Johnson e necrólise epidérmica tóxica (ambas reações graves com bolhas, feridas e alterações dolorosas na pele e mucosas), ataques convulsivos, inflamação do fígado, aumento das enzimas do fígado e aumento da bilirrubina.Alterações em exames de laboratório: alterações no exame de sangue chamado hemograma, aumento das enzimas do fígado.Informe ao seu médico, cirurgião-dentista ou farmacêutico o aparecimento de reações indesejáveis pelo uso do medicamento. Informe também à empresa através do seu serviço de atendimento.Composição Ivermectina 6mg:Cada comprimido contém:Ivermectina - 6mgExcipiente q.s.p - 1 comprimido(Excipientes: amido, celulose microcristalina, estearato de magnésio, laurilsulfato de sódio, dióxido de silício, butilhidroxianisol e ácido cítrico).O que devo saber antes de usar o medicamento Ivermectina:PrecauçõesApós o tratamento com ivermectina, os pacientes com dermatite de origem oncológica podem apresentar maior probabilidade que outros de sofrer reações adversas graves, especialmente edemas (“inchaços”) e agravamento da oncodermatite.Estrongiloidíase: é necessário realizar exames de fezes para acompanhamento e comprovação da cura. Oncocercose: o tratamento com ivermectina não elimina os parasitas Onchocerca adultos, podendo ser necessário um novo tratamento.Filariose (elefantíase): o tratamento elimina apenas as microfilárias, portanto, não haverá reversão das alterações clínicas já existentes decorrentes dos parasitas adultos.Ascaridíase (lombriga): é necessário realizar exames de fezes para acompanhamento e comprovação da cura.Pediculose (piolho) e Escabiose (sarna): deve ser realizada reavaliação médica em 1 a 2 semanas para comprovação da cura. Nesses casos também devem ser tratadas as pessoas que tiveram contato com o paciente e que estão infestadas pelo parasita.Estrongiloidíase em hospedeiros imunocomprometidos (com baixa imunidade): em pacientes com baixa imunidade (incluindo os portadores de HIV) em tratamento de estrongiloidíase intestinal, pode ser necessário repetir a terapia. O tempo de tratamento e a dose adequada serão avaliados individualmente pelo médico assistente.Sarna crostosa em hospedeiros imunocomprometidos (com baixa imunidade): em pacientes com baixa imunidade (incluindo os portadores de HIV) em tratamento de sarna crostosa, pode ser necessário repetir a terapia.Grávidez: Categoria de risco: C - Este medicamento não deve ser utilizado por mulheres grávidas sem orientação médica ou do cirurgião-dentista.Amamentação: a ivermectina é excretada no leite materno em baixas concentrações. O uso deste medicamento durante a amamentação somente deve ser feito quando indicado pelo médico.Pediatria: como ainda não se dispõe de dados clínicos suficientes referentes ao tratamento de crianças menores de 5 anos ou com menos de 15 kg, o uso deste medicamento por esses pacientes não deve ser realizado.Pacientes idosos: considerar uma maior frequência de comprometimento da função do fígado, dos rins, e/ou do coração e outras doenças existentes, bem como medicações que estejam em uso comum nesta população.AdvertênciasOs pacientes portadores de oncocercose podem apresentar reações na pele ou mesmo sistêmicas.Para evitar futuras infestações por parasitas, as seguintes medidas podem ser adotadas:Manter limpas as instalações sanitárias e lavar as mãos após utilizá-las.Evitar andar descalço.Cortar e manter limpas as unhas.Beber água filtrada ou fervida.Lavar e cozinhar bem os alimentos.Manter os alimentos e depósitos de água cobertos.Combater os insetos.Lavar as mãos antes das refeições.Lavar os utensílios domésticos.De forma cuidadosa para se evitar queimaduras, ferver roupas íntimas, de cama e banho (lençóis, fronhas e toalhas) do paciente e trocá-las diariamente. Utensílios e acessórios (escovas de cabelo, pentes, presilhas de cabelo e bonés) devem ser higienizados da mesma forma. Estas medidas se estendem a todos os membros da família.Não compartilhar objetos de uso pessoal, tais como pentes e bonés.Evitar contato direto com outras pessoas durante o tratamento (infectadas ou não).Todas as pessoas da família devem verificar se estão infestadas. Em caso positivo, procure orientação médica para o correto tratamento simultâneo de todos os infestados para evitar-se a reinfestação cruzada entre os membros da família.Para mais informações sobre os cuidados não medicamentosos, converse com o seu médico ou procure um serviço de saúde.Interações medicamentosasA ivermectina deve ser administrada com cautela em pacientes em uso de medicamentos que deprimem o Sistema Nervoso Central, como medicamentos para o tratamento de insônia, ansiedade, alguns analgésicos ou mesmo bebidas alcoólicas.Relatórios pós-comercialização demonstraram que o aumento da INR (um exame laboratorial que avalia uma via da coagulação do sangue) foi raramente relatado quando a ivermectina foi coadministrada com varfarina.Avise o seu médico se estiver fazendo uso de varfarina, pois, o uso dos dois medicamentos necessitará do acompanhamento de exames que monitoram a coagulação do sangue.Não é recomendado o uso concomitante deste medicamento com benzodiazepínicos.Informe ao seu médico ou cirurgião-dentista se você está fazendo uso de algum outro medicamento. Não use medicamentos sem o conhecimento do seu médico. Pode ser perigoso para a sua saúde."
Drogaria Araujo,São Paulo,Besilato Anlodipino 5mg Geolab Genérico com 30 Comprimidos,87310,6.0,17.56,0.6583143507972665,Bes Anlodipino,7899095238527,Sem descrição disponível.
Drogaria Araujo,São Paulo,Nimesulida 100mg EMS Genérico com 12 Comprimidos,34624,4.99,19.15,0.7394255874673629,Nimesulida,7896004704036,Sem descrição disponível.
Drogaria Araujo,São Paulo,Atorvastatina 20mg EMS Genérico com 30 Comprimidos,62823,15.29,74.15,0.7937963587322994,Atorvastatina,7896004729435,"O que é Atorvastatina 20mg:A atorvastatina cálcica é um medicamento que age reduzindo a quantidade de colesterol (gordura) total no sangue diminuindo os níveis das frações prejudiciais (LDL-C, apolipoproteína B, VLDL-C, triglicérides) e aumentando os níveis sanguíneos do colesterol benéfico (HDL-C).A composição deste medicamento é apresentada em comprimidos revestidos de 20mg cada, em embalagens contendo 30 comprimidos revestidos.Para que serve o remédio Atorvastatina 20mg:O medicamento serve para:Prevenção secundária (aquela que é instituída depois de um evento para evitar que ele ocorra novamente) de síndrome coronária aguda (doença em que o músculo cardíaco recebe menor fluxo de sangue).Prevenção de complicações cardiovasculares (vasos sanguíneos e coração) em pacientes sem doença cardiovascular ou dislipidemia preexistente, mas com múltiplos fatores de risco (tabagismo, hipertensão, diabetes, HDL baixo ou história familiar de doença cardíaca precoce).A atorvastatina cálcica também é indicada para o tratamento de pacientes com doença cardíaca (do coração) e coronariana (dos vasos do coração) para reduzir o risco de complicações como:Infarto do miocárdio não fatal;Acidente vascular cerebral (derrame) fatal e não fatal;Procedimentos de revascularização (para desobstrução das artérias);Hospitalização por insuficiência cardíaca congestiva (doença em que o músculo cardíaco não consegue bombear o sangue para o corpo) e de angina (dor no peito devido a problemas no coração e seus vasos).Contra indicação Atorvastatina 20mg:A atorvastatina cálcica é contraindicada para pacientes:Que possuem hipersensibilidade a qualquer componente da fórmula;Que possuem doença hepática (do fígado) ativa ou elevações persistentes inesperadas das transaminases séricas (enzimas do fígado), excedendo em 3 vezes o limite superior da normalidade;Grávidas ou em lactação (amamentação);Mulheres em idade fértil que não estejam utilizando medidas contraceptivas (para evitar gravidez) eficazes;Menores de 10 anos de idade.A atorvastatina cálcica deve ser administrada a adolescentes e mulheres em idade fértil somente quando a gravidez for altamente improvável e desde que estas pacientes tenham sido informadas dos potenciais riscos ao feto.A atorvastatina cálcica não deve ser utilizada por mulheres grávidas ou que possam ficar grávidas durante o tratamento.Posologia da Atorvastatina Cálcica: como Usar?A atorvastatina cálcica deve ser usada após a prescrição médica.A dose pode variar de 10 a 80 mg em dose única diária, usada a qualquer hora do dia, com ou sem alimentos.As doses iniciais e de manutenção devem ser individualizadas de acordo com os níveis iniciais do colesterol sanguíneo, a meta do tratamento e a resposta do paciente.Após o início do tratamento e/ou durante o ajuste de dose de atorvastatina cálcica, os efeitos aparecem após 2 a 4 semanas, portanto os exames para avaliação do resultado do ajuste da dosagem devem ser feitos após esse período.Siga a orientação de seu médico, respeitando sempre os horários, as doses e a duração do tratamento.Não interrompa o tratamento sem o conhecimento do seu médico. Este medicamento não deve ser partido, aberto ou mastigado.Efeitos Colaterais Atorvastatina:A atorvastatina cálcica é geralmente bem tolerada. As reações adversas foram na maioria dos casos de natureza leve e transitória.Os efeitos adversos observados foram:Reação comumNasofaringite (resfriado comum);Hiperglicemia (aumento de glicose do sangue);Dor faringolaríngea (de garganta);Epistaxe (sangramento nasal);Diarreia;Dispepsia (má digestão);Náusea (enjoo);Flatulência (excesso de gases no estômago ou intestinos);Artralgia (dor nas articulações);Dor nas extremidades;Dor musculoesquelética (músculos e ossos);Espasmos musculares (contrações involuntárias);Mialgia (dor muscular);Edema articular (inchaço da articulação);Alterações nas funções hepáticas (do fígado);Aumento da creatina fosfoquinase sanguínea (CPK – enzima que aumenta quando há lesão muscular).Efeitos adicionais relatados nos estudos placebo-controlados:Pesadelo;Visão turva;Tinido (zumbido no ouvido);Desconforto abdominal;Eructação (liberação de gases pela boca);Hepatite (inflamação do fígado) e colestase (parada ou dificuldade da eliminação da bile);Urticária (alergia da pele);Fadiga muscular (cansaço do músculo);Cervicalgia (dor na região cervical);Mal-estar;Febre;Presença de células brancas positivas na urina.Em pacientes pediátrico (idade entre 10 e 17 anos):Infecções.Efeitos adicionais na experiência pós-comercialização:Trombocitopenia (diminuição das células de coagulação do sangue: plaquetas);Reações alérgicas (incluindo anafilaxia - reação alérgica grave);Ruptura do tendão;Aumento de peso;Hipoestesia (perda ou diminuição da sensibilidade);Amnésia;Tontura;Disgeusia (paladar alterado);Pancreatite (inflamação no pâncreas);Síndrome de Stevens-Johnson;Necrólise epidérmica tóxica (doença cutânea em que a camada superficial da pele se solta em laminas);Angioedema (inchaço), eritema multiforme (reação imunológica das mucosas e da pele);Rash bolhosa (erupções em forma de bolha na pele);Rabdomiólise (danos na musculatura esquelética com liberação de componentes celulares na circulação);Miopatia necrosante autoimune (doença muscular);Miosite (inflamação dos músculos);Dor nas costas;Dor no peito;Edema periférico (inchaço nas extremidades);Fadiga (cansaço).Informe ao seu médico, cirurgião-dentista ou farmacêutico o aparecimento de reações indesejáveis pelo uso do medicamento.Composição do Atorvastatina 20mg Genérico:Cada comprimido revestido de 20 mg contém:Atorvastatina (na forma de atorvastatina cálcica) 20 mgExcipiente* q.s.p 1 com. rev.O que devo saber antes de usar o medicamento Atorvastatina 20mg?Sempre avise o seu médico todas as medicações que você toma quando ele for prescrever uma medicação nova.O médico precisa avaliar se as medicações reagem entre si alterando a sua ação, ou da outra; isso se chama interação medicamentosa.Siga estritamente as orientações do seu médico.Medicamentos que reduzem a quantidade de lípides (gordura) no sangue agem no metabolismo (transformação) dos lípides no fígado, raramente isso pode levar a alteração dos níveis de enzimas hepáticas (substâncias produzidas pelo fígado) na corrente sanguínea, que voltam ao normal com diminuição ou retirada do tratamento.Recomenda-se que testes de função do fígado sejam feitos antes do início do tratamento e periodicamente.A atorvastatina cálcica deve ser usada com cuidado em pacientes com maior risco de alterações da função do fígado (por exemplo, uso abusivo de bebidas alcoólicas, portadores de doenças hepáticas).Pacientes com AVC hemorrágico (tipo de derrame cerebral) prévio parecem apresentar um risco maior para apresentarem um novo AVC hemorrágico.Relate imediatamente ao seu médico se surgirem inesperadamente dor muscular, alterações da sensibilidade ou fraqueza muscular, particularmente se for acompanhada de mal-estar ou febre.Miopatia (dor ou fraqueza muscular) devido à lesão dos músculos (diagnosticada através do aumento dos valores da substância CPK no sangue) pode ocorrer em pacientes que usam atorvastatina cálcica, sendo mais frequentes naqueles que usam medicamentos que aumentam a concentração sistêmica de atorvastatina (como exemplo, eritromicina, claritromicina, diltiazem, itraconazol, etc.Avise imediatamente o seu médico caso você faça uso de alguma dessas medicações. Há raros casos de rabdomiólise (destruição de células musculares) acompanhada de alteração da função dos rins (insuficiência renal aguda) relatados em usuários de medicações da classe de atorvastatina cálcica.Por isso em situações em que os riscos de rabdomiólise aumentarem (infecção aguda grave, hipotensão – pressão baixa, cirurgia de grande porte, politraumatismos, distúrbios metabólicos, endócrinos e eletrolíticos e convulsões não controladas) recomenda-se a interrupção temporária de atorvastatina cálcica.A atorvastatina cálcica é contraindicada durante a gravidez.Não se sabe se a atorvastatina cálcica é excretada no leite materno, devido aos riscos potenciais para os lactentes (bebês que mamam leite materno), mulheres utilizando atorvastatina cálcica não devem amamentar.A administração concomitante de atorvastatina cálcica com medicamentos inibidores do CYP 3A4 ou indutores do CYP 3A4 (sistemas de quebra de vários medicamentos) (por ex., ciclosporina, eritromicina/claritromicina, inibidores da protease, cloridrato de diltiazem, cimetidina, itraconazol, suco de grapefruit, efavirenz, rifampicina) pode alterar a quantidade de atorvastatina no sangue.São conhecidas outras interações medicamentosas, avise seu médico se você fizer uso de:Antiácidos;Colestipol;Digoxina;Azitromicina;Contraceptivos orais (pílulas);Varfarina;Ácido fusídico.Efeitos na Habilidade de Dirigir ou Operar Máquinas:Não há evidências de que a atorvastatina cálcica possa afetar a habilidade do paciente de dirigir ou operar máquinas.Uso em Crianças:A atorvastatina cálcica 10 mg e 20 mg está indicada para o tratamento de hipercolesterolemia em pacientes acima de 10 anos de idade.As adolescentes devem ser aconselhadas sobre os métodos contraceptivos (para evitar gravidez) apropriados enquanto estiverem em tratamento com atorvastatina cálcica.Uso em pacientes com Insuficiência Renal (diminuição da função dos rins):A insuficiência renal não apresenta influência nas concentrações plasmáticas (sanguíneas) de atorvastatina cálcica. Portanto, o ajuste de dose não é necessário.Uso em Idosos:Não foram observadas diferenças entre pacientes idosos e a população em geral com relação à segurança, eficácia ou alcance do objetivo do tratamento de lípides (gorduras do sangue).Uso combinado com outros medicamentos:Quando a coadministração de atorvastatina cálcica e ciclosporina, telaprevir ou tipranavir/ritonavir é necessária, a dose de atorvastatina cálcica não deve exceder 10 mg.Informe ao seu médico ou cirurgião-dentista se você está fazendo uso de algum outro medicamento. Não use o medicamento sem o conhecimento do seu médico. Pode ser perigoso para a sua saúde."
Drogaria Araujo,São Paulo,Sinvascor 10mg com 30 Comprimidos,5614,16.99,17.96,0.05400890868596895,Sinvascor,7897851250394,Sem descrição disponível.
Drogaria Araujo,São Paulo,Oleptal 600mg com 60 Comprimidos Revestidos,3676,239.99,284.05,0.1551135363492343,Oleptal,8903855089195,Sem descrição disponível.
Drogaria Araujo,São Paulo,Olmetec Anlo 40/10mg com 30 Comprimidos,68351,174.33,,,Olmetec,7891268149012,"Este Medicamento faz parte do Programa Mais Pfizer com ele você garante descontos e uma série de benefícios.Digite seu CPF e garanta agora o seu desconto.MAIS PFIZERO que é o Programa Mais Pfizer?Criado em 2006, o Programa Mais Pfizer tem como objetivo facilitar o acesso e incentivar a adesão ao tratamento prescrito pelos médicos. Além disso, disponibiliza dicas e informações para uma vida cada vez mais saudável.Quem pode participar do Programa Mais Pfizer?Qualquer paciente que receber do médico receita contendo a prescrição de um medicamento Pfizer participante do Programa Mais Pfizer.Tratamentos para quais patologias estão incluídos no programa?Alzheimer;Artrite reumatoide;Câncer de mama;Colesterol alto;Depressão;Esquizofrenia;Fibromialgia;Glaucoma;Pressão alta;Trombose.OLMETECANLOOlmesartana medoxomila/besilato de anlodipinoIDENTIFICAÇÃO DO MEDICAMENTO.Nome comercial: OlmetecANLO.Nome genérico: Olmesartana medoxomila/besilato de anlodipino.Forma farmacêutica e apresentações:OlmetecANLO 20 mg/5 mg em embalagens contendo 7 ou 30 comprimidos revestidos.OlmetecANLO 40 mg/5 mg em embalagens contendo 7 ou 30 comprimidos revestidos.OlmetecANLO 40 mg/10 mg em embalagens contendo 7 ou 30 comprimidos revestidos.USO ADULTO.USO ORAL.COMPOSIÇÃO:Cada comprimido revestido de OlmetecANLO 20 mg/5 mg contém 20 mg de olmesartana medoxomila, besilato de anlodipino equivalente a 5 mg de anlodipino base e ingredientes não ativos q.s.p. 1 comprimido. Amido pré-gelatinizado, celulose microcristalina silicificada, croscarmelose sódica, estearato de magnésio, álcool polivinílico, dióxido de titânio, macrogol e talco.Cada comprimido revestido de OlmetecANLO 40 mg/5 mg contém 40 mg de olmesartana medoxomila, besilato de anlodipino equivalente a 5 mg de anlodipino base e ingredientes não ativos q.s.p. 1 comprimido. Amido pré-gelatinizado, celulose microcristalina silicificada, croscarmelose sódica, estearato de magnésio, álcool polivinílico, dióxido de titânio, macrogol, talco e óxido férrico amarelo.Cada comprimido revestido de OlmetecANLO 40 mg/10 mg contém 40 mg de olmesartana medoxomila, besilato de anlodipino equivalente a 10 mg de anlodipino base e ingredientes não ativos q.s.p. 1 comprimido. Amido pré-gelatinizado, celulose microcristalina silicificada, croscarmelose sódica, estearato de magnésio, álcool polivinílico, dióxido de titânio, macrogol, talco, óxido férrico vermelho e óxido férrico amarelo.INFORMAÇÕES AO PACIENTE.AÇÕES DO MEDICAMENTO.A associação de olmesartana medoxomila e besilato de anlodipino, substâncias ativas de OlmetecANLO,diminui a pressão arterial, que é a pressão com que o coração faz o sangue circular por dentro das artérias.Geralmente esta associação não é indicada para o início do tratamento da pressão alta (hipertensão arterial), sendo preferível seu uso após a tentativa de tratamento com seus componentes isolados.O besilato de anlodipino tem a sua ação iniciada entre 24 e 96 horas e a olmesartana medoxomila em uma semana.INDICAÇÕES DO MEDICAMENTO.OlmetecANLO (olmesartana medoxomila/besilato de anlodipino) é indicado para o tratamento da pressão arterial alta, ou seja, a pressão cujas medidas estejam acima de 90 mm Hg (pressão “baixa” ou diastólica) ou 140 mm Hg (pressão “alta” ou sistólica). Pode ser usado isoladamente ou em combinação com outros agentes anti-hipertensivos.RISCOS DO MEDICAMENTO.Contraindicações:OlmetecANLO (olmesartana medoxomila/besilato de anlodipino) não deve ser usado por pessoas sensíveis ou alérgicas a qualquer componente deste produto ou a outros medicamentos da mesma classe do besilato de anlodipino (diidropiridinas) e durante a gravidez.Precauções:Hipotensão (queda da pressão arterial): no começo do tratamento com OlmetecANLO deve-se ter atenção quanto ao risco de se sentir tontura; se isso acontecer deve-se informar ao médico.Insuficiência cardíaca: em geral, medicamentos que contém substâncias como o besilato de anlodipino, um dos componentes de OlmetecANLO*, devem ser usados com cuidado por pessoas com mau funcionamento do coração (insuficiência cardíaca). Além disso, raramente, pessoas com outra alteração do coração (doença arterial coronariana obstrutiva grave) podem apresentar aumento de frequência cardíaca, duração e/ou gravidade de angina ou infarto com o uso desse tipo de medicamento.Insuficiência renal: pessoas com mau funcionamento dos rins podem apresentar alterações da função renal quando tratados com OlmetecANLO.Insuficiência hepática: OlmetecANLO deve ser usado com cuidado por pessoas com deficiência do fígado (insuficiência hepática) leve a moderada e não deve ser usado em pacientes com deficiência grave do fígado.Carcinogênese, mutagênese, diminuição da fertilidade: não foram realizados estudos de carcinogenicidade, mutagênese e de diminuição da fertilidade com a associação de olmesartana medoxomila e besilato de anlodipino, visto que em estudos com as substâncias isoladas nenhum desses efeitos foi observado.Gravidez e lactação:Caso seja diagnosticada gravidez durante o tratamento, deve-se interromper imediatamente o uso de OlmetecANLO* e procurar o médico assistente para a sua substituição. O seu uso inadvertido no começo da gravidez parece não oferecer risco, ainda assim, deve ser substituído imediatamente. OlmetecANLO está contraindicado durante toda a gravidez particularmente pelo risco que pode apresentar a partir do 4º mês.Não se sabe se os componentes de OlmetecANLO passam para o leite materno, portanto, o medicamento não deve ser usado durante a amamentação sem orientação médica.ESTE MEDICAMENTO NÃO DEVE SER UTILIZADO POR MULHERES GRÁVIDAS SEM ORIENTAÇÃO MÉDICA. INFORME IMEDIATAMENTE SEU MÉDICO EM CASO DE SUSPEITA DE GRAVIDEZ.A eficácia deste medicamento depende da capacidade funcional do paciente.Faixa etária:Não foram estabelecidas a segurança e a eficácia de OlmetecANLO em crianças.Não foram identificadas diferenças quanto à eficácia e segurança entre adultos e idosos (acima de 65 anos).ESTE MEDICAMENTO É CONTRAINDICADO PARA MENORES DE 18 ANOS.Prazo de validade:Desde que observados os cuidados de conservação, o prazo de validade de OlmetecANLO é de 24 meses (vide embalagem externa). ATENÇÃO: não use o medicamento com o prazo de validade vencido pois o seu efeito pode não ser o desejado.Ingestão de OlmetecANLO junto com outras substâncias.Em geral, OlmetecANLO pode ser tomado com alimentos ou junto com outros medicamentos. A alimentação não influencia na ação do medicamento.Medicamentos como cetoconazol, itraconazol, rifampicina, ritonavir, alguns anticonvulsivantes (por exemplo: carbamazepina, fenobarbital, fenitoína, fosfenitoína, primidona) e Erva de São João (Hypericum perforatum) podem influenciar na ação do componente besilato de anlodipino de OlmetecANLO* aumentando ou diminuindo a sua concentração sanguínea. Em função disso, recomenda-se monitoramento médico caso OlmetecANLO seja administrado junto com esses medicamentos.INFORME AO SEU MÉDICO OU CIRURGIÃO-DENTISTA SE VOCÊ ESTÁ FAZENDO USO DE ALGUM OUTRO MEDICAMENTO.INFORME AO SEU MÉDICO OU CIRURGIÃO-DENTISTA O APARECIMENTO DE REAÇÕES INDESEJÁVEIS.NÃO USE MEDICAMENTO SEM O CONHECIMENTO DO SEU MÉDICO, PODE SER PERIGOSO PARA SUA SAÚDE.MODO DE USO:Características físicas e organolépticas:Os comprimidos de OlmetecANLO (olmesartana medoxomila/besilato de anlodipino) são redondos e revestidos por uma película branca (Concentração 20 mg/5 mg), creme (Concentração 40 mg/5 mg) ou vermelha amarronzada (Concentração 40 mg/10 mg).Como usar o medicamento:O comprimido deve ser engolido inteiro, com água potável, uma vez ao dia. Dependendo da resposta ao tratamento, a dose de OlmetecANLO pode ser aumentada a intervalos de pelo menos 2 semanas até a dose máxima de 40 mg/10 mg.A combinação dos dois medicamentos pode ser substituída por seus componentes isolados em dose equivalente.Pessoas com doença dos rins: não é necessário ajustar a dose inicial. Em pacientes com doença renal grave o tratamento deve ser iniciado sob supervisão médica e uma dose inicial inferior deve ser considerada.Pessoas com doença do fígado: a administração de OlmetecANLO deve ser feita com cuidado (vide item “Precauções”).O que fazer quando esquecer de tomar OlmetecANLO.Caso haja o esquecimento da administração de OlmetecANLO, pode-se tomar o comprimido esquecido ao longo do dia. Se já estiver perto do horário da próxima tomada deve-se simplesmente continuar a administração no mesmo horário de costume, sem tomar 2 comprimidos para compensar aquele que foi esquecido.SIGA A ORIENTAÇÃO DE SEU MÉDICO, RESPEITANDO SEMPRE OS HORÁRIOS, AS DOSES E A DURAÇÃO DO TRATAMENTO.NÃO INTERROMPA O TRATAMENTO SEM O CONHECIMENTO DE SEU MÉDICO.NÃO USE O MEDICAMENTO COM O PRAZO DE VALIDADE VENCIDO. ANTES DE USAR OBSERVE O ASPECTO DO MEDICAMENTO.ESTE MEDICAMENTO NÃO PODE SER PARTIDO OU MASTIGADO.REAÇÕES ADVERSAS:Em estudos clínicos com OlmetecANLO (olmesartana medoxomila/besilato de anlodipino) a incidência de eventos adversos foi semelhante à do placebo. Os eventos adversos mais frequentes foram dor de cabeça, tontura, mal estar e edema. As possíveis reações adversas ocorridas foram queda de pressão (hipotensão), erupções cutâneas, vermelhidão na pele, coceira, palpitação, aumento da frequência urinária e da micção durante a noite.Nos estudos clínicos com besilato de anlodipino os eventos adversos relatados foram tontura, dor de cabeça, edema, palpitação e vermelhidão na face; e nos estudos com olmesartana medoxomila foi relatado tontura.Após a comercialização das substâncias isoladas foram relatadas as seguintes reações adversas:Besilato de anlodipino: icterícia, aumento das enzimas hepáticas e aumento das mamas (ginecomastia).Olmesartana medoxomila: dor abdominal, náuseas, vômitos, tosse, insuficiência renal aguda, vermelhidão da pele, coceiras, inchaço do rosto (angioedema), dor de cabeça, alterações em exames laboratoriais (aumento dos níveis sanguíneos de potássio, creatinina e enzimas do fígado), dores musculares, fraqueza, cansaço, apatia e indisposição.ATENÇÃO:ESTE É UM MEDICAMENTO NOVO E, EMBORA AS PESQUISAS TENHAM INDICADO EFICÁCIA E SEGURANÇA ACEITÁVEIS PARA COMERCIALIZAÇÃO, EFEITOS INDESEJÁVEIS E NÃO CONHECIDOS PODEM OCORRER. NESTE CASO, INFORME AO SEU MÉDICO.CONDUTA EM CASO DE SUPERDOSE:Em caso de superdosagem, deve-se procurar atendimento médico imediatamente. Os dados disponíveis com relação a superdose de OlmetecANLO (olmesartana medoxomila/besilato de anlodipino) em seres humanos ainda são limitados. A manifestação mais provável no caso de superdosagem é a redução da pressão arterial (hipotensão) e possivelmente taquicardia reflexa (devido ao componente besilato de anlodipino). Nesse caso a pessoa deve ser mantida com as extremidades elevadas e deve-se chamar um médico imediatamente para que o tratamento de suporte seja iniciado. Como o besilato de anlodipino se liga às proteínas do sangue, a diálise não é benéfica.CUIDADOS DE CONSERVAÇÃO E USO:OlmetecANLO (olmesartana medoxomila/besilato de anlodipino) deve ser conservado em sua embalagem original, em temperatura ambiente (entre 15°C e 30°C).TODO MEDICAMENTO DEVE SER MANTIDO FORA DO ALCANCE DAS CRIANÇAS.INFORMAÇÕES TÉCNICAS AOS PROFISSIONAIS DE SAÚDE.CARACTERÍSTICAS FARMACOLÓGICAS.PROPRIEDADES FARMACODINÂMICAS.Mecanismo de ação: OlmetecANLO (olmesartana medoxomila/besilato de anlodipino) é uma associação de dois anti-hipertensivos: um bloqueador dos canais lentos de cálcio, o besilato de anlodipino, e um bloqueador dos receptores de angiotensina II, a olmesartana medoxomila. A combinação dessas duas substâncias promove um efeito anti-hipertensivo aditivo, reduzindo mais a pressão arterial do que cada componente isolado.Com a administração crônica diária uma vez ao dia, o efeito anti-hipertensivo é mantido por pelo menos 24 horas.O efeito anti-hipertensivo de OlmetecANLO foi similar independentemente de idade ou sexo e foi similar em pacientes com ou sem diabetes. Em estudos clínicos o efeito antihipertensivo foi mantido durante a terapia prolongada.Olmesartana medoxomila.É um pró-fármaco que, durante a absorção pelo trato gastrintestinal, é completamente convertido, por hidrólise, no composto biologicamente ativo, a olmesartana. É um bloqueador seletivo dos receptores de angiotensina II do subtipo AT1.A angiotensina II é formada a partir da angiotensina I em uma reação catalisada pela enzima conversora da angiotensina (ECA, cininase II). A angiotensina II é o principal agente pressórico do sistema renina-angiotensina-aldosterona, com efeitos que incluem vasoconstrição, estimulação da síntese e liberação de aldosterona, estimulação cardíaca e reabsorção renal de sódio. A olmesartana liga-se de forma competitiva e seletiva ao receptor AT1 e impede os efeitos vasoconstritores da angiotensina II, bloqueando seletivamente sua ligação ao receptor AT1 no músculo liso vascular. A sua ação é independente da via de síntese da angiotensina II.O bloqueio do receptor AT1 de angiotensina II inibe o feedback negativo regulador sobre a secreção de renina, entretanto, o aumento resultante na atividade de renina plasmática e nos níveis de angiotensina II circulante não suprime o efeito da olmesartana sobre a pressão arterial.Não é esperado o aparecimento de tosse devido à alteração da resposta à bradicinina pelo fato da olmesartana medoxomila não inibir a ECA.Receptores AT2 também são encontrados em outros tecidos, mas se desconhece a sua associação com a homeostasia cardiovascular. A olmesartana tem uma afinidade 12.500 vezes superior ao receptor AT1 comparada ao receptor AT2.Doses de 2,5 a 40 mg de olmesartana medoxomila inibem o efeito pressórico da infusão de angiotensina I. A duração do efeito inibitório está relacionada com a dose.As concentrações plasmáticas de angiotensina I, angiotensina II e a atividade de renina plasmática aumentaram após a administração única e repetida de olmesartana medoxomila a indivíduos sadios e pacientes hipertensos. A admi *Fração suficiente para os preparo de 200 ml. **% Valores diários de referência com base em uma dieta de 2.000 kcal ou 8.400 kj (adultos). Seus valores diários podem ser maiores ou menores dependendo de suas necessidades energéticas. ***%Valores diários de referência com base em uma dieta de 1.750 kcal ou 7.350 kj (crianças de 7 a 10 anos). **** VD não esta estabelecido. Enriquecido em cálcio e biotina quando considerada a recomendação de nutrientes para crianças de 7 a 10 anos de idade. “Aviso importante: Este produto não deve ser usado para alimentar crianças menores de 1 (um) ano de idade. O aleitamento materno evita infecções e alergias e é recomendado até os 2 (dois) anos de idade ou mais.”7891000013717 justify;"">Em pacientes hipertensos o besilato de anlodipino promove redução prolongada e dosedependente da pressão arterial. Não foram observadas hipotensão após a primeira dose, taquifilaxia durante o tratamento prolongado e nem hipertensão rebote após a primeira dose, taquifilaxia durante o tratamento prolongado e nem hipertensão rebote após a interrupção abrupta da terapia.Após a administração de doses terapêuticas a pacientes com hipertensão, o besilato de anlodipino promoveu redução da pressão arterial nas posições supina, sentada e em pé. As diminuições da pressão arterial não são acompanhadas por uma alteração significativa da frequência cardíaca ou dos níveis plasmáticos de catecolamina com a administração crônica. Em pacientes hipertensos com função renal normal, doses terapêuticas de besilato de anlodipino reduziram a resistência vascular renal e aumentaram a taxa de filtração glomerular e o fluxo plasmático efetivo, sem alterar a fração de filtração ou a proteinúria.Estudos epidemiológicos mostraram que o tratamento prolongado com o besilato deanlodipino em monoterapia reduz a mortalidade e morbidade cardiovascular.PROPRIEDADES FARMACOCINÉTICAS:Absorção, Distribuição, Metabolismo e Excreção.A farmacocinética do besilato de anlodipino e da olmesartana em OlmetecANLO é equivalente à farmacocinética das duas substâncias administradas separadamente. A presença de alimentos não altera a farmacocinética dessas substâncias ativas quando se administra OlmetecANLO a indivíduos saudáveis.Após a administração oral de OlmetecANLO as concentrações plasmáticas de olmesartana e besilato de anlodipino foram atingidas após 1,5 – 2 horas e 6 – 8 horas, respectivamente.Olmesartana medoxomila: olmesartana medoxomila é rápida e completamente bioativada por hidrólise do éster para olmesartana durante a absorção pelo trato gastrintestinal. A olmesartana parece ser eliminada de maneira bifásica, com uma meia-vida de eliminação de 6-15 horas. A farmacocinética da olmesartana é linear após doses orais únicas e doses orais múltiplas maiores que as doses terapêuticas. Os níveis no estado de equilíbrio são atingidos após as primeiras doses (dentro de 3 a 5 dias) e não ocorre nenhum acúmulo no plasma com a administração única diária.Após a administração, a biodisponibilidade absoluta é de aproximadamente 26%. A concentração plasmática máxima (Cmáx) após administração oral é atingida após aproximadamente 2 horas. Os alimentos não afetam a sua biodisponibilidade.Após a rápida e completa conversão de olmesartana medoxomila para olmesartana durante a absorção não há aparentemente nenhum metabolismo adicional da olmesartana. O clearance plasmático total é de 1,3 l/h, com um clearance renal de 0,5-0,7 l/h.Aproximadamente 30% a 50% da dose absorvida é recuperada na urina, enquanto o restante é eliminado nas fezes, por intermédio da bile.O volume de distribuição de olmesartana é de 16-29 litros. A olmesartana possui alta ligação a proteínas plasmáticas (99%) e não penetra nas hemácias. A ligação protéica é constante mesmo com concentrações plasmáticas de olmesartana muito acima da faixa atingida com as doses recomendadas.Estudos em ratos mostraram que a olmesartana atravessa em quantidades mínimas a barreira hematoencefálica e a barreira placentária, alcançando o feto; e é detectada no leite materno em níveis baixos.Besilato de anlodipino: após a administração oral de doses terapêuticas do besilato de anlodipino, a absorção resulta em concentrações plasmáticas máximas entre 6 e 12 horas.A biodisponibilidade absoluta foi estimada entre 64% e 80%. A biodisponibilidade do besilato de anlodipino não é alterada pela presença de alimentos. O volume de distribuição é de aproximadamente 201/Kg e o pka do besilato de anlodipino é 8,6.A eliminação plasmática é bifásica com meia-vida de eliminação de cerca de 35 a 50 horas.O besilato de anlodipino é extensivamente convertido a metabólitos inativos.Aproximadamente 60% da dose administrada é excretada na urina, 10% na forma inalterada de besilato de anlodipino.Estudos in vitro demonstraram que aproximadamente 98% do fármaco circulante se liga às proteínas plasmáticas. Os níveis plasmáticos de estado de equilíbrio do besilato de anlodipino são atingidos após 7 a 8 dias de administração diária consecutiva.Populações Especiais:Pediatria: Em um estudo com besilato de anlodipino que incluiu 62 pacientes hipertensos entre 6 e 17 anos, o clearance ajustado ao peso e o volume de distribuição foram semelhantes aos valores observados em adultos. A farmacocinética da olmesartana não foi investigada em menores de 18 anos.Geriatria: pacientes idosos apresentaram clearance diminuído do besilato de anlodipino com aumento resultante da ASC de aproximadamente 40% a 60%. Uma dose inicial inferior pode ser necessária. A farmacocinética de olmesartana foi estudada em idosos com 65 anos ou mais. Em geral, as concentrações plasmáticas máximas foram similares entre os adultos jovens e os idosos, sendo que nestes foi observado um pequeno acúmulo com a administração de doses repetidas (ASC foi 33% maior em pacientes idosos, correspondendo a aproximadamente 30% de redução no clearance renal).Sexo: a análise da farmacocinética populacional indicou que as mulheres apresentaram clearance da olmesartana aproximadamente 15% menor do que o observado em homens.Não houve diferença entre os sexos sobre o clearance do besilato de anlodipino.Insuficiência renal: a farmacocinética do besilato de anlodipino não é influenciada significativamente pela insuficiência renal. Em pacientes com insuficiência renal, as concentrações séricas de olmesartana foram elevadas, quando comparadas a indivíduos com função renal normal. Em pacientes com insuficiência renal grave (clearance de creatinina < 20 ml/min), a ASC foi aproximadamente triplicada após doses repetidas. A farmacocinética da olmesartana em pacientes sob hemodiálise ainda não foi estudada.Insuficiência hepática: pacientes com insuficiência hepática apresentaram clearance de besilato de anlodipino diminuído com aumento da ASC de aproximadamente 40-60%. Nesse grupo de pacientes foi observado um aumento na ASC da olmesartana de cerca de 60%.Insuficiência cardíaca: pacientes com insuficiência cardíaca apresentaram diminuição do clearance do besilato de anlodipino com aumento da ASC de aproximadamente 40% a 60%.RESULTADOS DE EFICÁCIA:Um estudo multicêntrico, randomizado, duplo-cego, controlado por placebo, de grupos paralelos e de 8 semanas de duração em pacientes com hipertensão leve a grave foi conduzido com 1.940 pacientes para determinar se o tratamento com OlmetecANLO (olmesartana medoxomila/besilato de anlodipino) estava associado à redução clinicamente significativa da pressão arterial em comparação à respectiva monoterapia. Os pacientes foram distribuídos em um dos 12 grupos de tratamento: placebo, tratamento em monoterapia com besilato de anlodipino (ANLO) 5 mg ou 10 mg, tratamento em monoterapia com olmesartana (OM) 10 mg, 20 mg ou 40 mg ou terapia em associação comOM/ANLO nas doses de 10/5 mg, 20/5 mg, 40/5 mg, 10/10 mg, 20/10 mg e 40/10 mg.Foram observadas as seguintes reduções médias de PA casual sistólica/diastólica (mm Hg) placebo -4,8/-3,1; OM 10 mg (-11,5/-8,3); OM 20 mg (-13,8/-9,2); OM 40 mg (-16,1/-10,2); ANLO 5 mg (-14,9/-9,4); ANLO 10 mg (-19,7/-12,7); OM/ANLO 10/5 mg (-24,2/-13,8); OM/ANLO 10/10 mg (-25,3/-16,0); OM/ANLO 20/5 mg (-23,6/-14,0); OM/ANLO 20/10 mg (- 29,2/-17,0); OM/ANLO 40/5 mg (-25,4/-15,5) e OM/ANLO 40/10 mg (-30,1/-19,0).As porcentagens de alcance da meta foram: placebo = 8,8%; OM 10 mg = 20,0%; OM 20 mg = 26,4%; OM 40 mg = 36,3%; ANLO 5 mg = 21,1%; ANLO 10 mg = 32,5%; OM/ANLO 10/5 mg = 35,0%; OM/ANLO 10/10 mg = 49,1%; OM/ANLO 20/5 mg = 42,5%; OM/ANLO 20/10 mg = 53,2%; OM/ANLO 40/5 mg = 51,0% e OM/ANLO 40/10 mg = 49,1%.INDICAÇÕES:OlmetecANLO (olmesartana medoxomila/besilato de anlodipino) é indicado para o tratamento da hipertensão arterial. Pode ser usado isoladamente ou em combinação com outros agentes anti-hipertensivos.CONTRAINDICAÇÕES:OlmetecANLO (olmesartana medoxomila/besilato de anlodipino) é contraindicado em pacientes hipersensíveis aos componentes da fórmula ou a outros medicamentos pertencentes à mesma classe do besilato de anlodipino (diidropiridinas) e durante a gestação.MODO DE USAR:OlmetecANLO (olmesartana medoxomila/besilato de anlodipino) deve ser administrado por via oral, devendo o comprimido ser engolido inteiro, com água, uma vez ao dia.POSOLOGIA:Em geral, pode-se iniciar a terapia com OlmetecANLO (olmesartana medoxomila/besilato de anlodipino) em pacientes cuja pressão arterial estiver inadequadamente controlada por monoterapia com olmesartana medoxomila (ou outro bloqueador dos receptores de angiotensina) ou com besilato de anlodipino (ou outra diidropiridina) ou em pacientes em que o besilato de anlodipino, ao reduzir a pressão arterial, causou edema intenso.Dependendo da resposta ao tratamento, a dose de OlmetecANLO pode ser titulada a intervalos de pelo menos 2 semanas, até a dose máxima de 40 mg/10 mg de OM/ANLO.OlmetecANLO deve ser administrado uma vez ao dia, por via oral, com ou sem alimentos.Não se recomenda a administração de mais de 1 comprimido ao dia.Substituição: a dose equivalente de OlmetecANLO pode ser substituída pelos seus princípios ativos isolados.Pacientes com insuficiência renal: não é necessário ajustar a dose inicial. Em pacientes com insuficiência renal grave, o tratamento deve ser iniciado sob cuidadosa supervisão e uma dose inicial inferior deve ser considerada.Pacientes com insuficiência hepática: deve-se ter cautela ao administrar OlmetecANLO a pacientes com insuficiência hepática leve a moderada. O uso em pacientes com insuficiência hepática grave não é recomendado.Cada comprimido de OlmetecANLO 20 mg/5 mg e 40 mg/5 mg contém olmesartana medoxomila 20 mg e 40 mg, respectivamente, e besilato de anlodipino equivalente a 5 mg de besilato de anlodipino.Cada comprimido de OlmetecANLO 40 mg/10 mg contém olmesartana medoxomila 40 mg e besilato de anlodipino equivalente a 10 mg de besilato de anlodipino.Conduta caso haja esquecimento de administração de OlmetecANLO.Caso haja o esquecimento da administração de OlmetecANLO, pode-se tomar o comprimido esquecido ao longo do dia. Se já estiver perto do horário da próxima tomada deve-se simplesmente continuar a administração no mesmo horário de costume, sem tomar 2 comprimidos para compensar aquele que foi esquecido.PRECAUÇÕES E ADVERTÊNCIAS:Hipotensão em pacientes com depleção de volume ou de sal: em pacientes cujo sistema renina-angiotensina estiver ativado, como aqueles com depleção de volume e/ou sal (ex: pacientes em tratamento com doses altas de diuréticos), pode ocorrer hipotensão sintomática após o início do tratamento decorrente, particularmente, do componente olmesartana.Vasodilatação: Como acontece com qualquer vasodilatador periférico, deve-se ter cautela ao administrar OlmetecANLO (olmesartana medoxomila/besilato de anlodipino), particularmente em pacientes com estenose aórtica grave.Pacientes com doença arterial coronariana obstrutiva grave: raramente estes pacientes desenvolveram aumento de frequência, duração e/ou gravidade de angina ou infarto agudo do miocárdio no início da terapia com bloqueador do canal de cálcio ou quando a dose é aumentada. O mecanismo desse efeito ainda não foi elucidado.Pacientes com insuficiência cardíaca congestiva: em geral, os bloqueadores do canal de cálcio devem ser usados com cautela em pacientes com insuficiência cardíaca.Função renal comprometida: em pacientes cuja função renal possa depender da atividade desse sistema (por exemplo, ICC), o tratamento com inibidores da ECA e bloqueadores dos receptores de angiotensina foi associado com azotemia, oligúria ou, raramente, com insuficiência renal aguda. Há um risco elevado de insuficiência renal quando pacientes com estenose unilateral ou bilateral de artéria renal, são tratados com medicamentos que afetam o sistema renina-angiotensina, como a olmesartana.Insuficiência hepática: o besilato de anlodipino é amplamente metabolizado pelo fígado. Deve-se ter cautela ao administrar OlmetecANLO* a pacientes com insuficiência hepática leve a moderada. O uso em pacientes com insuficiência hepática grave não é recomendado.Morbidade e mortalidade fetal/neonatal: os medicamentos que agem diretamente sobre o sistema renina-angiotensina-aldosterona podem causar morbidade e morte fetal e neonatal quando administrados a gestantes. Não foram observados efeitos teratogênicos quando as substâncias ativas isoladas foram administradas a ratas e coelhas prenhes. No entanto, observou-se diminuição do peso dos filhotes, atraso de desenvolvimento e aumento da incidência de dilatação de pelve renal (ratos) com a administração de olmesartana medoxomila e diminuição do tamanho da ninhada, aumento de óbitos intra-uterinos e prolongamento do período gestacional e da duração do trabalho de parto (ratos) com o besilato de anlodipino.Gravidez: pacientes do sexo feminino em idade fértil devem ser informadas sobre as consequências da exposição no segundo e terceiro trimestres de gravidez a medicamentos que atuam sobre o sistema renina-angiotensina. Quando diagnosticada gravidez, a administração de OlmetecANLO* deve ser interrompida o mais rapidamente possível. Como não há experiência clínica com seu uso em gestantes, o medicamento é contraindicado durante a gestação e deve ser substituído por outra(s) classe(s) de anti-hipertensivos.Categorias de risco para uso durante a gestação: C (primeiro trimestre) e D (segundo e terceiro trimestres).ESTE MEDICAMENTO NÃO DEVE SER UTILIZADO POR MULHERES GRÁVIDAS SEM ORIENTAÇÃO MÉDICA. INFORME IMEDIATAMENTE SEU MÉDICO EM CASO DE SUSPEITA DE GRAVIDEZ.Lactantes: Não se sabe se o besilato de anlodipino e a olmesartana são excretados no leite humano, mas a olmesartana é secretada em baixa concentração no leite de ratas lactantes.Devido ao potencial para eventos adversos sobre o lactente, cabe ao médico decidir entre interromper a amamentação ou interromper o uso de OlmetecANLO, levando em conta a importância do medicamento para a mãe.Carcinogênese, mutagênese, diminuição da fertilidade: Não foram realizados estudos de carcinogênese, mutagênese e diminuição da fertilidade com a associação de olmesartana medoxomila e besilato de anlodipino, pois em estudos com as substâncias isoladas nenhum desses efeitos foi observado.Alterações laboratoriais Observou-se queda nos valores de hemoglobina e hematócrito durante a terapia com a associação de olmesartana medoxomila e besilato de anlodipino em comparação com os componentes isolados.Verificou-se ainda durante o estudo clínico realizado com OlmetecANLO aumento do número de plaquetas em grupos tratados com a associação ou com os componentes ativos em monoterapia, sendo que a menor alteração foi observada nos grupos tratados com a olmesartana medoxomila em monoterapia. Os maiores aumentos ocorreram com o besilato de anlodipino 10 mg e nos grupos com terapia de associação com o besilato de anlodipino 10 mg. Nenhum dos aumentos das contagens de plaquetas foi considerado clinicamente significativo.Outras alterações laboratoriais podem ser atribuídas aos componentes em monoterapia.Besilato de anlodipino: nos estudos pós-comercialização foram relatadas elevações das enzimas hepáticas.Olmesartana medoxomila: nos estudos pós-comercialização foram relatados aumentos nos níveis sanguíneos de creatinina e potássio (hipercalemia).A eficácia deste medicamento depende da capacidade funcional do paciente.USO EM CRIANÇAS E EM PACIENTES IDOSOS:Não foram estabelecidas a segurança e a eficácia em crianças.Do número total de pacientes no estudo clínico de OlmetecANLO (olmesartana medoxomila/besilato de anlodipino), 20% tinham 65 anos ou mais e 3% tinham 75 anos ou mais. Não foram observadas diferenças na eficácia ou segurança entre os idosos e os mais jovens. Porém, não pode ser descartada a maior sensibilidade de alguns indivíduos mais idosos.INTERAÇÕES MEDICAMENTOSAS:Não foram conduzidos estudos de interação medicamentosa com OlmetecANLO (olmesartana medoxomila/besilato de anlodipino) e outros medicamentos. No entanto, em estudos com a olmesartana e o besilato de anlodipino isoladamente nenhuma interação medicamentosa significativa foi observada.Olmesartana medoxomila: não foram relatadas interações medicamentosas significativas em estudos nos quais a olmesartana medoxomila foi co-administrada com digoxina ou varfarina em voluntários saudáveis. A biodisponibilidade da olmesartana não foi significativamente alterada pela co-administração de antiácidos (hidróxido de alumínio e hidróxido de magnésio). A olmesartana medoxomila não é metabolizada pelo sistema do citocromo P450; portanto, não são esperadas interações com medicamentos que inibem, induzem ou são metabolizados por essas enzimas.Besilato de anlodipino: deve-se ter precaução no uso concomitante com as seguintes substâncias:- Inibidores do CYP3A4 (cetoconazol, itraconazol, ritonavir e outros): em um estudo com pacientes idosos o diltiazem inibiu o metabolismo do besilato de anlodipino, provavelmente via CYP3A4, uma vez que as concentrações plasmáticas de besilato de anlodipino aumentaram aproximadamente 50% e o seu efeito foi aumentado. Assim, inibidores do CYP3A4 mais potentes como os descritos acima podem promover maior aumento da concentração plasmática de besilato de anlodipino.- Indutores do CYP3A4 (anticonvulsivantes como carbamazepina, fenobarbital, fenitoína, fosfenitoína e primidona, rifampicina, Hypericum perforatum): podem diminuir a concentração plasmática de besilato de anlodipino. Recomenda-se monitoramento clínico e possível ajuste de dose do besilato de anlodipino durante o tratamento com indutores do CYP3A4 e após o término do tratamento.REAÇÕES ADVERSAS A MEDICAMENTOS:Em estudos clínicos com OlmetecANLO (olmesartana medoxomila/besilato de anlodipino) a incidência de eventos adversos foi semelhante à do placebo. Os eventos adversos mais frequentes foram cefaleia, tontura, fadiga e edema. As possíveis reações adversas ocorridas foram hipotensão, hipotensão ortostática, rash, palpitação, aumento da frequência urinária e noctúria.Nos estudos clínicos com besilato de anlodipino os eventos adversos relatados foram tontura, cefaleia, edema, palpitação e rubor facial; e nos estudos com olmesartana medoxomila foi relatado tontura.Após a comercialização das substâncias isoladas foram relatadas as seguintes reações adversas:Besilato de anlodipino: icterícia, elevação das enzimas hepáticas e ginecomastia.Olmesartana medoxomila: dor abdominal, náuseas, vômitos, aumento das enzimas hepáticas, tosse, insuficiência renal aguda, aumento dos níveis de creatinina sérica, rash cutâneo, prurido, angioedema, cefaleia, hipercalemia, mialgia, astenia, fadiga, letargia e indisposição.Edema:Edema é um evento adverso conhecido e dose-dependente do besilato de anlodipino, mas não da olmesartana. No estudo randomizado de OlmetecANLO, o relato de edema foi levantado ativamente, usando um método de averiguação/verificação especificado pelo protocolo. Como consequência, as taxas observadas nos grupos placebo, besilato de anlodipino e olmesartana foram todas maiores do que as descritas na bula do besilato de anlodipino ou da olmesartana.A incidência (subtraída de placebo) de edema durante o período de tratamento randomizado e duplo-cego de 8 semanas de duração foi maior com besilato de anlodipino 10 mg em monoterapia. A incidência diminuiu significativamente quando se adicionou 20 mg ou 40 mg de olmesartana à dose de 10 mg de besilato de anlodipino.Em todos os grupos de tratamento, a frequência de edema foi, em geral, maior em mulheres do que em homens, igualmente observado em outros estudos com besilato de anlodipino.ATENÇÃO:ESTE É UM MEDICAMENTO NOVO E, EMBORA AS PESQUISAS TENHAM INDICADO EFICÁCIA E SEGURANÇA ACEITÁVEIS PARA COMERCIALIZAÇÃO, EFEITOS INDESEJÁVEIS E NÃO CONHECIDOS PODEM OCORRER. NESTE CASO, INFORME SEU MÉDICO.SUPERDOSAGEM:Não há informação disponível sobre os efeitos ou tratamento em casos de superdosagem após a administração de OlmetecANLO (olmesartana medoxomila/besilato de anlodipino) em humanos.Os dados disponíveis com relação à superdosagem em seres humanos após a administração de olmesartana medoxomila isolada são limitados. A manifestação mais provável é a hipotensão. Não se sabe ainda se a olmesartana medoxomila é passível de remoção por diálise.Com base nos dados de estudos em animais com o besilato de anlodipino, espera-se que a superdosagem cause vasodilatação periférica excessiva com hipotensão acentuada e possivelmente taquicardia reflexa. Em caso de superdosagem, deve-se instituir monitoração cardíaca e respiratória. No caso de hipotensão, iniciar suporte cardiovascular e, se necessário, administrar vasopressores. Gluconato de cálcio intravenoso pode ajudar a reverter os efeitos do bloqueio da entrada de cálcio. Como o besilato de anlodipino é altamente ligado a proteínas, a hemodiálise provavelmente não apresentará benefícios.ARMAZENAGEM:OlmetecANLO (olmesartana medoxomila/besilato de anlodipino) deve ser conservado em sua embalagem original, em temperatura ambiente (entre 15°C e 30°C). Desde que observados os cuidados de conservação, o produto apresenta prazo de validade de 24 meses (vide embalagem externa).DIZERES LEGAISMS – 1.0216.0222Farmacêutico Responsável: José Cláudio Bumerad – CRF-SP n° 43746VENDA SOB PRESCRIÇÃO MÉDICA.Número do lote e data de fabricação: vide embalagem externa.Fabricado e Embalado por:Daiichi Sankyo Brasil Farmacêutica Ltda.Alameda Xingu, 766 - Alphaville - Barueri - SP – BrasilRegistrado e Distribuído por:LABORATÓRIOS PFIZER LTDA.Av. Presidente Tancredo de Almeida Neves, 1555CEP 07112-070 – Guarulhos – SPCNPJ nº 46.070.868/0001-69Indústria Brasileira.Fale Pfizer 0800-7701575www.pfizer.com.br"
Drogaria Araujo,São Paulo,Insulina Humalog Mix 25 100UI/ml Caneta Descartável Kwikpen Embalagem com 1 Unidade de 3ml,75565,72.99,75.8,0.03707124010554093,Humalog,7896382706493,Sem descrição disponível.
